pathogen	tidy_name	taxids	predictor_type	study	location	count	mean	std	min	5%	25%	50%	75%	95%	max
aav2	AAV2	10804	prevalence	crits_christoph	Berkeley	4000.0	4.033877188055776e-09	4.9783299880649014e-08	4.385721395847714e-19	2.0049888388441984e-12	5.202914062174662e-11	3.629638369439472e-10	1.920602950506894e-09	1.3593062886440634e-08	2.9984312394915225e-06
aav2	AAV2	10804	prevalence	crits_christoph	Marin	4000.0	6.0556788299982475e-09	4.3241831643940016e-08	2.6214883686411707e-17	2.3650531178589737e-12	6.292681599821473e-11	3.989509868701153e-10	2.1951955074794964e-09	1.8202477957489064e-08	1.453072531270771e-06
aav2	AAV2	10804	prevalence	crits_christoph	Oakland	4000.0	1.556878550188028e-09	3.845397744535482e-09	3.7250507248033894e-16	1.6291453929592779e-12	5.4618030032514894e-11	2.7529971134643427e-10	1.3392640346722287e-09	7.210695750225531e-09	7.825117870583588e-08
aav2	AAV2	10804	prevalence	crits_christoph	Overall	4000.0	7.50127633409312e-09	9.490369938810526e-08	2.1243230777669618e-14	7.755662803372174e-12	1.1035621215212984e-10	4.939758834019286e-10	2.123337136552434e-09	1.5265690430930367e-08	4.019051550162544e-06
aav2	AAV2	10804	prevalence	rothman	ESC	4000.0	8.93911981859233e-12	7.656744029084924e-12	4.790876037715892e-14	1.2518026834334657e-12	3.5570545099072535e-12	6.820485755321478e-12	1.2020601511197049e-11	2.4220516190205945e-11	7.453797466275372e-11
aav2	AAV2	10804	prevalence	rothman	HTP	4000.0	5.295499540222312e-11	2.8450089432865646e-11	2.439006846406376e-12	1.5387029647749565e-11	3.1871891329996657e-11	4.862150056070625e-11	6.819388822515884e-11	1.0663338148974946e-10	1.934600529641749e-10
aav2	AAV2	10804	prevalence	rothman	JWPCP	4000.0	1.6336459120989905e-11	2.9015192801509534e-11	6.438331797686573e-16	2.061016971219647e-13	2.1698812914020238e-12	7.343742662080139e-12	1.8223518756484556e-11	6.056676545494442e-11	5.015132711597662e-10
aav2	AAV2	10804	prevalence	rothman	NC	4000.0	2.5228450538574376e-11	6.366889615345862e-11	9.13079635576349e-17	2.7096285900142604e-13	2.5912360157831007e-12	8.731750019783896e-12	2.4086860581059653e-11	9.521750843211996e-11	1.7297660700547775e-09
aav2	AAV2	10804	prevalence	rothman	OC	4000.0	1.8889750141008303e-11	4.925150903104389e-11	1.433247374878489e-18	2.225962000739062e-13	2.427324107709255e-12	7.536939220299168e-12	1.9712931259686963e-11	6.708521098184428e-11	1.7043271778254378e-09
aav2	AAV2	10804	prevalence	rothman	Overall	4000.0	1.3494124613470767e-11	1.607480462661731e-11	1.7747420896370108e-14	1.3514005652622028e-12	4.6637403447129255e-12	9.645317300703147e-12	1.7240433740462042e-11	3.636463681234271e-11	3.983629611982208e-10
aav2	AAV2	10804	prevalence	rothman	PL	4000.0	9.167247660788088e-12	7.12907336593406e-12	1.3266333741337166e-13	1.4954958190575028e-12	4.0967998098616206e-12	7.345462380899337e-12	1.2381478042484707e-11	2.3530883845947215e-11	6.724361220347255e-11
aav2	AAV2	10804	prevalence	rothman	SB	4000.0	2.2755621750590786e-11	8.047472149444987e-11	1.863878904599106e-17	2.2606165064131329e-13	2.535297337490547e-12	7.986480768619954e-12	2.170604096097308e-11	8.207866082290527e-11	4.0937709714795105e-09
aav2	AAV2	10804	prevalence	rothman	SJ	4000.0	1.6646099800857518e-11	3.408101812445665e-11	9.187044810809699e-18	1.9499874733775783e-13	2.2348862699861205e-12	7.403480067134354e-12	1.8044417539059837e-11	6.027734388540846e-11	8.977659711935378e-10
bkv	BKV	1891762	prevalence	crits_christoph	Berkeley	4000.0	2.0988141277038952e-09	9.082585008091116e-09	1.7865348130230367e-16	1.3708866167043683e-12	5.3253659812798704e-11	2.454186774936239e-10	1.1550652410665488e-09	8.071558542438314e-09	3.29460739761067e-07
bkv	BKV	1891762	prevalence	crits_christoph	Marin	4000.0	3.5399834474028265e-09	2.3024761416282388e-08	1.1827937659430594e-16	1.575915089445282e-12	6.394232718533174e-11	2.7701856271826194e-10	1.276464224768155e-09	1.2196676003995563e-08	8.427296377310144e-07
bkv	BKV	1891762	prevalence	crits_christoph	Oakland	4000.0	1.0658817391831934e-09	2.8595581013546127e-09	2.0084778098349054e-19	1.3930554652554967e-12	4.765886893491759e-11	2.1809314566651636e-10	8.345667821511725e-10	4.85645673981187e-09	6.14123699519742e-08
bkv	BKV	1891762	prevalence	crits_christoph	Overall	4000.0	6.16852331557102e-09	2.2750443106905116e-07	1.369286604224215e-14	4.988181842614653e-12	9.811932817861239e-11	3.144016281397037e-10	1.3285475072456896e-09	9.17137542519885e-09	1.433316969055986e-05
bkv	BKV	1891762	prevalence	rothman	ESC	4000.0	1.883797258809411e-10	5.4588975478829116e-11	6.342206581569831e-11	1.075692216846148e-10	1.4949991288285163e-10	1.82500867337401e-10	2.225267726138142e-10	2.848755455238722e-10	4.6156616098032317e-10
bkv	BKV	1891762	prevalence	rothman	HTP	4000.0	2.274788397913622e-10	4.864071656949849e-11	8.844313366925799e-11	1.5417415286529933e-10	1.9147079039139898e-10	2.2496446661578535e-10	2.584000984523033e-10	3.1191034031403853e-10	4.388394818492874e-10
bkv	BKV	1891762	prevalence	rothman	JWPCP	4000.0	1.0079132636745816e-10	1.0011578114311282e-10	1.5309420972005878e-15	6.2125409561187005e-12	3.56351997282264e-11	7.542198084912648e-11	1.3704636153645728e-10	2.763605661103821e-10	1.7024944096092124e-09
bkv	BKV	1891762	prevalence	rothman	NC	4000.0	1.4211573456161754e-10	1.8508720354131128e-10	1.2233499491324063e-14	8.257467542977205e-12	4.477624999967171e-11	9.476349211983339e-11	1.7807027555616253e-10	4.0222299844023014e-10	4.1452509326402994e-09
bkv	BKV	1891762	prevalence	rothman	OC	4000.0	2.9047565663008305e-10	2.2745665608402006e-10	9.917523825474017e-12	6.723949304991145e-11	1.3970679964150226e-10	2.2770369147755452e-10	3.6819316266204574e-10	7.244117750026605e-10	2.247699975284141e-09
bkv	BKV	1891762	prevalence	rothman	Overall	4000.0	1.413951280844306e-10	9.516552007560774e-11	3.3777045151757162e-12	4.433200675641688e-11	8.933226495202533e-11	1.2648722664722683e-10	1.718488362213263e-10	2.792285419530648e-10	3.0752258622603936e-09
bkv	BKV	1891762	prevalence	rothman	PL	4000.0	6.000238263284779e-11	2.0623858808117437e-11	1.4478684457593934e-11	3.080157199803508e-11	4.515787303603992e-11	5.742975292894621e-11	7.192968999609262e-11	9.801766575198146e-11	1.7724375020146794e-10
bkv	BKV	1891762	prevalence	rothman	SB	4000.0	3.9166069497619267e-10	3.632546541577782e-10	8.080354780736425e-12	7.363036224768918e-11	1.6142260848920842e-10	2.7645997159970833e-10	4.868476012595791e-10	1.0847788222491152e-09	3.992447030580093e-09
bkv	BKV	1891762	prevalence	rothman	SJ	4000.0	9.783467216000871e-11	9.253577816545094e-11	3.06929755352177e-15	4.846057301898333e-12	3.309211286640576e-11	7.361437947442998e-11	1.3133354281268163e-10	2.7619391062102823e-10	7.45737917205056e-10
cmv	CMV	10359	prevalence	crits_christoph	Berkeley	4000.0	4.187352699849781e-09	2.7281556719644155e-08	5.598581099041991e-19	1.2748833997626025e-12	5.439451056691061e-11	4.1619462083981873e-10	2.1173672391219898e-09	1.616805343474524e-08	1.0884340838465636e-06
cmv	CMV	10359	prevalence	crits_christoph	Marin	4000.0	6.59049117460703e-09	5.354883469182393e-08	3.4544177848186903e-18	1.4350858007772514e-12	6.479919252626161e-11	4.669918393128881e-10	2.615765491711321e-09	1.9599375570043197e-08	2.066322678147154e-06
cmv	CMV	10359	prevalence	crits_christoph	Oakland	4000.0	1.8455404860261221e-09	4.5466776832059215e-09	1.4474045025015653e-15	1.4089608127858718e-12	5.5233104583756055e-11	3.616743341220839e-10	1.6096476037713424e-09	8.226063071099033e-09	6.399317159624914e-08
cmv	CMV	10359	prevalence	crits_christoph	Overall	4000.0	1.025948842247639e-08	3.1050344993274416e-07	1.1746169467027412e-14	4.447434780380757e-12	1.1281815252224782e-10	6.597646007904017e-10	2.7401593669823116e-09	1.6917050575512044e-08	1.9499367000666003e-05
cmv	CMV	10359	prevalence	rothman	ESC	4000.0	5.95982721235555e-12	7.33396682496052e-12	6.481266512144403e-15	4.037035099882562e-13	1.545280436629662e-12	3.237081459191522e-12	7.63928432771604e-12	2.0616937375885732e-11	7.305497944234906e-11
cmv	CMV	10359	prevalence	rothman	HTP	4000.0	2.526812157488398e-12	2.8523926433438626e-12	3.0468692417146553e-15	1.7491803094557875e-13	7.159007368848597e-13	1.673909361854895e-12	3.1748655636243946e-12	7.82176048098511e-12	2.974855437933168e-11
cmv	CMV	10359	prevalence	rothman	JWPCP	4000.0	4.088003504764081e-12	1.3049125257641293e-11	1.4408209598003867e-18	4.88927776209657e-14	5.226292367929503e-13	1.5585822942859792e-12	3.4981754868038118e-12	1.466305007503082e-11	4.1082165867902724e-10
cmv	CMV	10359	prevalence	rothman	NC	4000.0	4.810194266234047e-12	1.6593073696472755e-11	9.529280376259292e-18	7.324720351155391e-14	5.515959807811494e-13	1.696393461180558e-12	4.0853447564135755e-12	1.6687127216190175e-11	6.047989781100314e-10
cmv	CMV	10359	prevalence	rothman	OC	4000.0	3.918089555715636e-12	9.546106511835297e-12	1.5023345209937442e-16	5.772742464390465e-14	5.205322876705811e-13	1.5758852983988584e-12	3.623898301257046e-12	1.4375513154408358e-11	2.1578082629622863e-10
cmv	CMV	10359	prevalence	rothman	Overall	4000.0	2.9190883743994783e-12	4.135357391695367e-12	3.100258256741368e-15	1.7954015577647593e-13	7.656060862596897e-13	1.7895822120142182e-12	3.445501251174889e-12	9.6573859117136e-12	7.990157996696841e-11
cmv	CMV	10359	prevalence	rothman	PL	4000.0	2.1274800011383566e-12	2.8124167407256033e-12	7.997840828272767e-16	9.932326189561792e-14	4.919501458986162e-13	1.285817483194533e-12	2.5613846264705874e-12	7.101108579616978e-12	3.388703887381858e-11
cmv	CMV	10359	prevalence	rothman	SB	4000.0	5.181329583733987e-12	2.0250074250039275e-11	5.291084147768618e-17	7.244500703703324e-14	5.432060879432199e-13	1.6347335235967893e-12	3.902834313008349e-12	1.7615183639991735e-11	7.373448217529402e-10
cmv	CMV	10359	prevalence	rothman	SJ	4000.0	3.693491891005775e-12	1.0604206362174109e-11	7.24008699625025e-17	6.469441981181583e-14	5.138128414680983e-13	1.6218045474149174e-12	3.624829253943491e-12	1.323223845639532e-11	4.2208733070544117e-10
ebv	EBV	10376	prevalence	crits_christoph	Berkeley	4000.0	2.782764910203298e-09	1.1663201252154149e-08	1.1077747200046888e-16	6.162994863599046e-13	3.1916738182851094e-11	2.511894947571597e-10	1.5531698058983655e-09	1.2188870583949238e-08	3.2162073739841726e-07
ebv	EBV	10376	prevalence	crits_christoph	Marin	4000.0	3.93823069863097e-09	1.9166747110934493e-08	1.4714115185367262e-19	8.851699443785822e-13	3.340826645714614e-11	3.0041278402385026e-10	1.7266728265236463e-09	1.5331560271539787e-08	4.781273276346356e-07
ebv	EBV	10376	prevalence	crits_christoph	Oakland	4000.0	1.292344736172328e-09	3.4779201992797676e-09	3.2893013447113203e-17	7.035545205705422e-13	2.936222015872062e-11	2.1992064807484027e-10	1.0731007214629296e-09	5.933547486970081e-09	7.675657447456553e-08
ebv	EBV	10376	prevalence	crits_christoph	Overall	4000.0	4.4336774170697925e-09	3.993896814565516e-08	4.473448220552683e-15	2.8435538000755785e-12	6.206950455730208e-11	3.925361049002635e-10	1.806932722553812e-09	1.1039787419769569e-08	1.8093595100390834e-06
ebv	EBV	10376	prevalence	rothman	ESC	4000.0	1.1175441922896515e-11	1.2769206111909889e-11	4.4725080271363846e-15	2.652715179661426e-13	2.1857330634443547e-12	6.72339119899367e-12	1.5895581867536073e-11	3.7008072260294993e-11	9.954351593287853e-11
ebv	EBV	10376	prevalence	rothman	HTP	4000.0	3.650988969985356e-12	4.576975159302528e-12	3.9183233664853684e-16	6.612574671038817e-14	6.471284147679952e-13	1.95278005279416e-12	4.9460039860723885e-12	1.2516665343057179e-11	4.967709938269947e-11
ebv	EBV	10376	prevalence	rothman	JWPCP	4000.0	1.4899523191853458e-11	3.756699358385943e-11	1.8903597250371064e-24	3.2008470505649823e-14	5.317038753781702e-13	2.702198820093376e-12	1.1877582081287514e-11	7.080601008135445e-11	6.704796864407984e-10
ebv	EBV	10376	prevalence	rothman	NC	4000.0	1.822624141148591e-10	3.693394133661927e-10	1.4274443789810319e-15	6.551504909445345e-13	7.446396730938104e-12	4.051277226543667e-11	1.8003151091543314e-10	8.71851421546049e-10	4.153819525772305e-09
ebv	EBV	10376	prevalence	rothman	OC	4000.0	9.843888907347358e-11	1.7439013670534516e-10	2.3288092640074523e-15	6.657066900753462e-13	6.8464520616212476e-12	2.9028986657489132e-11	1.103929473650141e-10	4.486442029582469e-10	1.8757029300596505e-09
ebv	EBV	10376	prevalence	rothman	Overall	4000.0	1.1156688234601982e-11	2.0744452585487913e-11	2.1492647869561586e-15	1.9120246759460324e-13	1.5298616787635048e-12	4.823946993224602e-12	1.2475133008250602e-11	4.096813749486403e-11	3.7188156341683975e-10
ebv	EBV	10376	prevalence	rothman	PL	4000.0	2.068617729653715e-12	3.2717327052467846e-12	9.672375315353534e-21	1.0720757714166058e-14	1.8191192970302247e-13	8.042110542366384e-13	2.4157812442435636e-12	8.502883926023198e-12	3.513337730873344e-11
ebv	EBV	10376	prevalence	rothman	SB	4000.0	2.9470615791964835e-11	1.1064014944808672e-10	1.1136455984256986e-20	2.5275783371334075e-14	5.998978518788442e-13	3.3371931745907444e-12	1.568454421571722e-11	1.207226592856094e-10	2.0436075557343136e-09
ebv	EBV	10376	prevalence	rothman	SJ	4000.0	1.4889360834294487e-11	4.165376758691072e-11	3.428635042542619e-20	2.4542447190363966e-14	5.572979185011709e-13	2.9662324142696016e-12	1.2029247363315063e-11	6.730189811352511e-11	1.2554646223625046e-09
hcv	HCV	11103	prevalence	crits_christoph	Berkeley	4000.0	1.1327259919708079e-06	4.392935291432568e-05	1.1135799920708376e-15	6.973812814745878e-11	2.9038952658922328e-09	2.2996981574731966e-08	1.210174523082675e-07	8.45275369936017e-07	0.0026593122493580425
hcv	HCV	11103	prevalence	crits_christoph	Marin	4000.0	4.159604389410271e-07	4.4221627288447605e-06	1.921053430533858e-16	7.203032044159579e-11	2.7603165754409054e-09	2.2207331528547035e-08	1.3286716013638895e-07	1.1974303450576571e-06	0.00016641381022514476
hcv	HCV	11103	prevalence	crits_christoph	Oakland	4000.0	8.603090294757777e-08	1.9831927089283714e-07	7.380640391925167e-15	4.281198265715388e-11	2.2075777438487426e-09	1.6488410634401334e-08	7.222961437098466e-08	4.2537279075128986e-07	2.706616542101363e-06
hcv	HCV	11103	prevalence	crits_christoph	Overall	4000.0	2.3331881361663655e-07	9.677105384981955e-07	7.63283613648001e-13	3.712958167403864e-10	5.311026370638707e-09	2.892751451898237e-08	1.3313489777962816e-07	8.917077125900227e-07	2.740757277331151e-05
hcv	HCV	11103	prevalence	rothman	ESC	4000.0	5.2788320215588987e-11	1.1987631616871868e-10	1.6057448793490402e-16	1.901526620308737e-13	2.7324537099861366e-12	9.907036854031492e-12	4.871064524759699e-11	2.5406701056216833e-10	2.0886998935157486e-09
hcv	HCV	11103	prevalence	rothman	HTP	4000.0	3.8602516712800655e-11	8.013112894110867e-11	3.704466939709798e-17	1.1180369786025918e-13	2.424476082998096e-12	9.133107889556146e-12	3.793491524483804e-11	1.7544293331832495e-10	1.6744354412602593e-09
hcv	HCV	11103	prevalence	rothman	JWPCP	4000.0	1.4448469171143473e-10	6.3578146683434e-10	4.1373807034738115e-17	2.411695136097532e-13	3.1085802691899935e-12	1.3103830000172307e-11	6.428731741775984e-11	5.228086874704477e-10	1.4433819172530674e-08
hcv	HCV	11103	prevalence	rothman	NC	4000.0	2.132154209448283e-10	1.887138306842387e-09	7.899552424745072e-18	2.492701035349694e-13	2.10899099936647e-12	1.2989692208882174e-11	6.539170823914143e-11	5.676952849602813e-10	8.668248220702696e-08
hcv	HCV	11103	prevalence	rothman	OC	4000.0	1.605175881571965e-10	8.22457618015395e-10	1.0571530545954005e-16	2.0308911583255664e-13	2.8398941008839324e-12	1.3124000767395573e-11	6.676500648935328e-11	5.718516603199376e-10	2.4711924374505657e-08
hcv	HCV	11103	prevalence	rothman	Overall	4000.0	5.927885845266782e-11	2.2246000778493723e-10	4.0203223316929137e-16	5.801735739925168e-13	3.169859411097434e-12	1.3930553911364483e-11	5.3788946346531926e-11	2.3153327653363978e-10	1.0092872493192284e-08
hcv	HCV	11103	prevalence	rothman	PL	4000.0	4.4910945081140524e-11	1.0761963997355673e-10	2.485315062373152e-18	1.8346633746514253e-13	2.7932676448804335e-12	9.649183652183407e-12	4.3218423934794375e-11	2.016833787518158e-10	2.678476454729567e-09
hcv	HCV	11103	prevalence	rothman	SB	4000.0	1.7177050005078204e-10	1.0489201090761927e-09	7.200873710336015e-17	1.596581608958554e-13	2.6640219637171883e-12	1.3010412596715483e-11	6.708652063367102e-11	4.976908057241618e-10	2.803123036828864e-08
hcv	HCV	11103	prevalence	rothman	SJ	4000.0	1.353227857523073e-10	6.255887221264254e-10	1.7163730182751062e-17	2.0455455173074396e-13	2.8831601936675557e-12	1.3060625353700285e-11	6.603360346447487e-11	5.027035205414236e-10	2.0646819287399227e-08
hiv	HIV	11676	prevalence	crits_christoph	Berkeley	4000.0	1.3022511310478875e-06	9.872611003161884e-06	1.6044796059812373e-16	4.991772684481032e-10	1.5789132557308473e-08	8.089642017684997e-08	5.146699763304443e-07	4.686191688697627e-06	0.00047464680006812065
hiv	HIV	11676	prevalence	crits_christoph	Marin	4000.0	1.684015143712071e-06	1.440370174723289e-05	1.6272448438420405e-14	5.702950813664565e-10	1.885235587194533e-08	8.891199583997424e-08	5.698903500594849e-07	6.1461027120911865e-06	0.0008031809857503739
hiv	HIV	11676	prevalence	crits_christoph	Oakland	4000.0	4.908059000675953e-07	1.2802984162783929e-06	1.0246632526604559e-14	5.072417933061809e-10	1.3284012582048858e-08	6.561856692309087e-08	3.4248758721757177e-07	2.4769386232386384e-06	2.3056703831895324e-05
hiv	HIV	11676	prevalence	crits_christoph	Overall	4000.0	1.4873628782834924e-06	1.1751232398333348e-05	5.765372593173086e-12	1.821124287085038e-09	2.730901687105422e-08	1.1082324538861589e-07	6.127194398275537e-07	5.032974819508491e-06	0.0005568712181540398
hiv	HIV	11676	prevalence	rothman	ESC	4000.0	6.537245742055948e-09	5.420045046620418e-09	5.2912059586929384e-11	1.036536256402797e-09	2.8449459564922074e-09	4.98274619785535e-09	8.644241638323875e-09	1.691531172186415e-08	5.295912555805061e-08
hiv	HIV	11676	prevalence	rothman	HTP	4000.0	3.870310595014567e-09	2.8670509429835536e-09	1.0659312109415203e-11	6.262626148305712e-10	1.8108127536001174e-09	3.270981561401023e-09	5.03310143610263e-09	9.48343311947865e-09	2.686085901207609e-08
hiv	HIV	11676	prevalence	rothman	JWPCP	4000.0	4.262732399064379e-09	7.570059474325553e-09	4.1358659441594023e-13	1.436560631122029e-10	9.903946323498113e-10	2.468547896182321e-09	4.9687338618336285e-09	1.3770041810813853e-08	2.588875608540973e-07
hiv	HIV	11676	prevalence	rothman	NC	4000.0	5.240755735489945e-09	1.2304791206634058e-08	7.594446522943857e-13	1.6070442337497002e-10	1.0714303224786832e-09	2.7039978207789167e-09	5.33234645437456e-09	1.5842922588319555e-08	2.867557838965062e-07
hiv	HIV	11676	prevalence	rothman	OC	4000.0	4.496728103350611e-09	8.59108241219371e-09	1.6371587637196008e-13	1.429105800368275e-10	1.0166888002160802e-09	2.556054862866456e-09	5.059091320986153e-09	1.4232148841372854e-08	2.5366866811394727e-07
hiv	HIV	11676	prevalence	rothman	Overall	4000.0	3.667546476336947e-09	3.503270437466084e-09	1.424809609716053e-11	4.0507625867620734e-10	1.4654366199138079e-09	2.836125037232707e-09	4.673048377218723e-09	9.764101872703807e-09	4.6752581426412616e-08
hiv	HIV	11676	prevalence	rothman	PL	4000.0	2.7766613788393388e-09	2.285541915982378e-09	1.8470912896697096e-11	3.512045218860767e-10	1.147791246664821e-09	2.175220521060376e-09	3.7666114092761276e-09	7.199910677131277e-09	2.1983721901467044e-08
hiv	HIV	11676	prevalence	rothman	SB	4000.0	4.9643291338690075e-09	1.0367441004274617e-08	5.143422909271339e-14	1.5241715837082094e-10	1.0783826015794676e-09	2.677967771034166e-09	5.412620954276119e-09	1.5702978339409485e-08	3.474850176044754e-07
hiv	HIV	11676	prevalence	rothman	SJ	4000.0	4.197071740047958e-09	7.0213417646334465e-09	6.112372515257976e-13	1.5109764797894677e-10	9.657901450168502e-10	2.439429930409674e-09	4.873059931283632e-09	1.3166685881979588e-08	1.4999929673677396e-07
hpv	HPV	10566	prevalence	crits_christoph	Berkeley	4000.0	5.604473466849502e-09	2.1780817540111915e-08	4.934791346520985e-18	2.4492892483616326e-12	7.255478304072704e-11	5.330789726485515e-10	3.0641370419245236e-09	2.5677653189359478e-08	7.408971920832285e-07
hpv	HPV	10566	prevalence	crits_christoph	Marin	4000.0	6.967710993593025e-09	4.22349968315506e-08	2.5042803734754865e-16	2.7729911554675675e-12	7.402900778513505e-11	5.981553198484803e-10	3.2349415930390097e-09	3.003924998652624e-08	1.798717132294004e-06
hpv	HPV	10566	prevalence	crits_christoph	Oakland	4000.0	2.692087397274647e-09	6.5575525937091735e-09	1.423430453683043e-17	2.0584356041258215e-12	5.606945512118496e-11	4.465735860300155e-10	2.0873333378609255e-09	1.2999171828398827e-08	1.0732252138281343e-07
hpv	HPV	10566	prevalence	crits_christoph	Overall	4000.0	1.0088875416842527e-08	1.328739414685781e-07	3.5984026290371335e-15	9.149483189752988e-12	1.3277607697746885e-10	7.421906121242788e-10	3.34773071099135e-09	2.5571910023348417e-08	6.001636383308022e-06
hpv	HPV	10566	prevalence	rothman	ESC	4000.0	1.7667641202532727e-12	3.3777276982362614e-12	3.7991222271658383e-19	3.6820928178918956e-15	8.589031436140564e-14	5.09107067419963e-13	2.02511298854076e-12	7.392829551822771e-12	5.361272262107173e-11
hpv	HPV	10566	prevalence	rothman	HTP	4000.0	1.4205590886738543e-12	2.3752720955001878e-12	1.1352280417707632e-18	4.4228984759060356e-15	7.353069715279506e-14	4.593968868078339e-13	1.8474175460143563e-12	5.883654524006704e-12	2.19229162385791e-11
hpv	HPV	10566	prevalence	rothman	JWPCP	4000.0	3.731847220238213e-12	2.2784797984308217e-11	5.987639232624256e-21	4.77731695476876e-15	9.965760122084952e-14	6.1459002683413e-13	2.6324853196906968e-12	1.2805248087396339e-11	1.1703428160956617e-09
hpv	HPV	10566	prevalence	rothman	NC	4000.0	8.430676376148983e-12	6.468544880721028e-11	1.3254290283066425e-18	5.542154230473776e-15	1.0505178506919973e-13	6.457586410584542e-13	2.7778520079337803e-12	1.980274808228313e-11	2.09170060503919e-09
hpv	HPV	10566	prevalence	rothman	OC	4000.0	4.217910975041477e-12	1.871217935492215e-11	3.8391676685065075e-19	4.421323783006429e-15	1.1034640678869044e-13	6.177907003872563e-13	2.860492988473564e-12	1.4797382075342622e-11	4.616294360386895e-10
hpv	HPV	10566	prevalence	rothman	Overall	4000.0	1.8362579432824122e-12	4.179739201502592e-12	3.07514859062541e-16	1.3461420028963319e-14	1.401241218741785e-13	6.233472214904162e-13	2.1703087744049227e-12	7.127472042165627e-12	1.6072051316004866e-10
hpv	HPV	10566	prevalence	rothman	PL	4000.0	1.640768968299072e-12	3.116408448581309e-12	3.659202892714831e-19	3.913599382260939e-15	8.667420953638022e-14	4.746984049973734e-13	1.9430818892740545e-12	6.802982890459782e-12	6.742209734124972e-11
hpv	HPV	10566	prevalence	rothman	SB	4000.0	7.1371070474197744e-12	6.08864246266995e-11	3.2970449579741357e-19	4.841689150899526e-15	1.0097548162203212e-13	6.305591266714889e-13	2.6695060962131782e-12	1.5318160989082683e-11	2.266113491725427e-09
hpv	HPV	10566	prevalence	rothman	SJ	4000.0	4.278403965149129e-12	1.637375114771953e-11	3.5414186101879287e-19	5.158370618013362e-15	9.743557374563561e-14	6.196559214106799e-13	2.69259417018722e-12	1.574045517980751e-11	3.541335284661404e-10
hsv_1	HSV-1	10298	prevalence	crits_christoph	Berkeley	4000.0	4.192474911224507e-09	2.3068461316760967e-08	9.302998339218713e-18	1.6317748002204705e-12	5.956583693850405e-11	4.781923860205256e-10	2.5319530660332417e-09	1.5737203665417207e-08	9.585334791409698e-07
hsv_1	HSV-1	10298	prevalence	crits_christoph	Marin	4000.0	1.0015805932908988e-08	2.561488191454788e-07	1.0639148590929304e-16	1.6495786607299748e-12	6.56198218767758e-11	4.887739205656551e-10	2.8945723322977817e-09	2.4146762249419242e-08	1.6112151637062635e-05
hsv_1	HSV-1	10298	prevalence	crits_christoph	Oakland	4000.0	1.8551849396854824e-09	4.531725098362549e-09	1.5088181180201285e-22	1.306705540764531e-12	4.707951037534015e-11	3.509889186093365e-10	1.7049543886565434e-09	8.530603605832131e-09	7.564361758094005e-08
hsv_1	HSV-1	10298	prevalence	crits_christoph	Overall	4000.0	8.271674754881735e-09	1.4724885790241202e-07	3.69203315831166e-15	5.997272187568118e-12	1.179192137290947e-10	6.594328992897616e-10	2.800392695859161e-09	1.6588308397415827e-08	8.30098556597232e-06
hsv_1	HSV-1	10298	prevalence	rothman	ESC	4000.0	9.357572386822658e-11	4.974359756976741e-11	1.0196287826308858e-11	3.3384747601743787e-11	5.771903027830573e-11	8.406081331973342e-11	1.1846100650778107e-10	1.867919563032101e-10	4.45350093352169e-10
hsv_1	HSV-1	10298	prevalence	rothman	HTP	4000.0	3.684218395822055e-11	1.8951003837976254e-11	3.0539309955461032e-12	1.290196926905689e-11	2.3239676042802735e-11	3.302578975227881e-11	4.6616274227144265e-11	7.361773631404948e-11	1.4854019885930335e-10
hsv_1	HSV-1	10298	prevalence	rothman	JWPCP	4000.0	1.3357932063242982e-10	1.3281253904844854e-10	1.843662582481668e-12	2.3721893999132463e-11	5.3645816884851954e-11	9.483342078767421e-11	1.6536266055073633e-10	3.719194336091006e-10	1.9758569951378263e-09
hsv_1	HSV-1	10298	prevalence	rothman	NC	4000.0	1.6498774016435516e-10	2.980796560459985e-10	8.996001523447155e-13	1.9872682230222468e-11	5.0189008325668076e-11	9.354175131740841e-11	1.7519380200575227e-10	5.260499796839481e-10	8.809092383116183e-09
hsv_1	HSV-1	10298	prevalence	rothman	OC	4000.0	1.0297260856951653e-10	1.0932849602121362e-10	4.642649088756792e-13	1.5371472873659624e-11	4.090903298984704e-11	7.170656216443625e-11	1.2604134193757854e-10	2.762991881480384e-10	1.3785188206773474e-09
hsv_1	HSV-1	10298	prevalence	rothman	Overall	4000.0	8.457548073488736e-11	5.486313120476031e-11	4.820867240067034e-12	2.666830197598427e-11	4.891421315383861e-11	7.255200023903121e-11	1.0541045827716038e-10	1.7937594296097413e-10	7.297924303236124e-10
hsv_1	HSV-1	10298	prevalence	rothman	PL	4000.0	1.1759194681457301e-10	5.3783864677701407e-11	1.4597915291596083e-11	4.605127127441781e-11	7.896470169872194e-11	1.080909714728692e-10	1.4667108518995525e-10	2.1975094719611424e-10	4.02884122175896e-10
hsv_1	HSV-1	10298	prevalence	rothman	SB	4000.0	1.387027529570477e-10	1.8285466918820532e-10	1.9551146791893949e-13	1.966617450110002e-11	4.784792948742312e-11	8.657325444292008e-11	1.5535840043245297e-10	4.2152797941148554e-10	2.8106550339516307e-09
hsv_1	HSV-1	10298	prevalence	rothman	SJ	4000.0	6.692422031695552e-11	6.86171423074791e-11	5.560423406407433e-15	6.2530508289195125e-12	2.5113775245100613e-11	4.974324517580134e-11	8.658117179321611e-11	1.8199342618283557e-10	1.163870869963864e-09
influenza	Influenza A	11320	incidence	crits_christoph	Berkeley	4000.0	0.004550176694984821	0.014672046088534356	1.140137972987101e-11	1.7195920723831095e-06	6.85921425832548e-05	0.0005211706424932282	0.0030841971494018536	0.019828461265667598	0.2788696333245052
influenza	Influenza A	11320	incidence	crits_christoph	Marin	4000.0	0.006404338060274897	0.030260457752812706	3.1264478188112107e-10	1.9079230703619952e-06	7.034639151825454e-05	0.0005424024070720093	0.003147647060519657	0.023539872834838278	0.8567389685380438
influenza	Influenza A	11320	incidence	crits_christoph	Oakland	4000.0	0.002121882715422027	0.004905534953860875	3.485417119587961e-13	1.5298128836888686e-06	6.111717607101433e-05	0.00036510463239511164	0.0019129066109582356	0.009405734384144649	0.07948726962621432
influenza	Influenza A	11320	incidence	crits_christoph	Overall	4000.0	0.006288556651432124	0.03350692850933873	1.1033773968867972e-09	7.689821231735398e-06	0.00012841996103623595	0.0007182499163121505	0.0031871239568317597	0.019468611514946447	0.8205287033217951
influenza	Influenza A	11320	incidence	rothman	ESC	4000.0	4.624151041190097e-08	1.1799769235886523e-07	5.924554300993042e-15	5.659111223716851e-11	1.4106696391724696e-09	8.233635978556864e-09	3.8609486400463706e-08	2.100487980033902e-07	1.9961015660484433e-06
influenza	Influenza A	11320	incidence	rothman	HTP	4000.0	2.8532471274245827e-07	4.4387891408648525e-07	8.515155385112634e-12	6.252109727089984e-09	3.8973310918404804e-08	1.2587004853386593e-07	3.3795670363433487e-07	1.098753408609491e-06	6.349970684068546e-06
influenza	Influenza A	11320	incidence	rothman	JWPCP	4000.0	1.6217034399064857e-06	1.0868030597001749e-05	3.518569379172721e-11	3.996833288423519e-09	4.160241596817717e-08	1.7897632871647613e-07	7.32960011467108e-07	5.677461235125075e-06	0.0005310056407735676
influenza	Influenza A	11320	incidence	rothman	NC	4000.0	8.080364662291808e-05	0.0006050417704031827	3.728129440556198e-10	2.61318664556587e-08	3.168022450948688e-07	2.536922536625308e-06	1.9024743110655675e-05	0.0002510645873081635	0.02128138496879598
influenza	Influenza A	11320	incidence	rothman	OC	4000.0	5.699712005518304e-07	2.672266792451258e-06	1.1403002894546446e-15	4.1083732959184106e-10	1.0282982504433999e-08	5.802479554618254e-08	2.6878095111747755e-07	2.2248036028203485e-06	7.440294278544467e-05
influenza	Influenza A	11320	incidence	rothman	Overall	4000.0	7.222239229670582e-07	5.939518673648295e-06	4.4831096844064414e-10	9.268338191283435e-09	4.994428989494487e-08	1.534991884379468e-07	4.910304499588462e-07	2.273670269428417e-06	0.0003113922096786741
influenza	Influenza A	11320	incidence	rothman	PL	4000.0	1.2733458909416578e-07	2.5039660889662566e-07	6.614517408538274e-12	2.183450852862274e-09	1.3345065425558487e-08	4.666175719761137e-08	1.3253380604191034e-07	5.194645727989281e-07	4.182011770810982e-06
influenza	Influenza A	11320	incidence	rothman	SB	4000.0	3.7286305546796248e-06	2.622555893799295e-05	6.689407653414706e-13	5.8997480023628354e-09	6.065211015298463e-08	2.950035931884783e-07	1.4001780962964318e-06	1.2437296154744686e-05	0.0009510841550474155
influenza	Influenza A	11320	incidence	rothman	SJ	4000.0	1.4329749788106996e-06	4.7878636800753155e-06	4.3347863291858415e-12	4.078371428330871e-09	4.6062612786959176e-08	2.1958361276627247e-07	8.369745258245154e-07	6.113855834664628e-06	9.361515389584221e-05
influenza	Influenza B	11520	incidence	crits_christoph	Berkeley	4000.0	0.004776003453692421	0.020543680000446835	1.210113962864607e-13	1.3689711309522156e-06	6.275236705325003e-05	0.0005006438362914162	0.0027175038709801322	0.02186202122775812	0.7981611298166527
influenza	Influenza B	11520	incidence	crits_christoph	Marin	4000.0	0.007338348749631275	0.03393188531293008	5.504357939120288e-10	1.8752416832379533e-06	6.324507279687716e-05	0.0005175502203323219	0.00330660935103191	0.028259384461942573	0.8066159999577244
influenza	Influenza B	11520	incidence	crits_christoph	Oakland	4000.0	0.002284451507050288	0.005852669879036661	1.1450162994116085e-14	1.7829502996974153e-06	6.342829093305722e-05	0.0004318754630331284	0.0018872952974657259	0.01067870670964128	0.14653185608103741
influenza	Influenza B	11520	incidence	crits_christoph	Overall	4000.0	0.005784350847483323	0.02501961247061909	9.037265488680138e-09	8.022126686058117e-06	0.0001341315422981286	0.0007162656538737143	0.0034161354259840153	0.023055334702765207	0.6981781042054349
influenza	Influenza B	11520	incidence	rothman	ESC	4000.0	1.8546189961952644e-07	4.3066802000963034e-07	4.157647453177621e-14	2.1673196985766594e-10	6.953522649783274e-09	4.095105509562719e-08	1.676561346685039e-07	8.400497530376214e-07	6.796042030288835e-06
influenza	Influenza B	11520	incidence	rothman	HTP	4000.0	1.4268348688951151e-07	3.051407089094405e-07	1.1676817718599638e-15	2.5940735911965294e-10	6.419780252262338e-09	3.834294744833931e-08	1.3846413966189512e-07	6.275598317357912e-07	4.335538760290141e-06
influenza	Influenza B	11520	incidence	rothman	JWPCP	4000.0	7.911517835798131e-07	4.872531998935117e-06	5.753915550665407e-13	3.590820889245184e-10	8.385188471122606e-09	5.468499373525377e-08	2.6167821175006215e-07	2.6987652762589237e-06	0.00015088743827278806
influenza	Influenza B	11520	incidence	rothman	NC	4000.0	1.3073341980002415e-06	1.2150256871061987e-05	8.653661143325046e-15	3.358815500160955e-10	8.148567056625747e-09	5.629519467831002e-08	2.779110720999825e-07	3.1729635427937546e-06	0.00045891186748379595
influenza	Influenza B	11520	incidence	rothman	OC	4000.0	8.482199197509361e-07	5.199523086092041e-06	3.217062111201395e-13	3.44467085683406e-10	8.503228591430083e-09	5.2640425190491496e-08	2.6369044969683134e-07	2.63232479391839e-06	0.00019015049589257197
influenza	Influenza B	11520	incidence	rothman	Overall	4000.0	2.451896587828727e-07	1.1133863164736364e-06	7.495651442963165e-12	9.234093783292976e-10	1.35542458190703e-08	6.00205620109131e-08	1.986148921809559e-07	8.760584639449744e-07	4.249477688244372e-05
influenza	Influenza B	11520	incidence	rothman	PL	4000.0	1.6083376028692505e-07	3.343185848697329e-07	1.127832153632518e-16	3.115381267348978e-10	6.2281236097729215e-09	3.974853899974437e-08	1.5838903196730642e-07	7.280219048959082e-07	4.990586545263054e-06
influenza	Influenza B	11520	incidence	rothman	SB	4000.0	9.715205633070273e-07	6.695243624712061e-06	5.442816272751568e-14	3.181921852735086e-10	8.369772427277877e-09	5.5403524668409956e-08	2.623268669910668e-07	2.8591962042452786e-06	0.00022854658559436232
influenza	Influenza B	11520	incidence	rothman	SJ	4000.0	7.365188274887436e-07	4.12538183447625e-06	1.5453693736638948e-14	2.4423130498896775e-10	7.986770549965235e-09	5.035032942345586e-08	2.4825259229608333e-07	2.4456920479947383e-06	8.336464604256486e-05
jcv	JCV	10632	prevalence	crits_christoph	Berkeley	4000.0	8.502122158908898e-09	2.859845614822109e-08	1.2167301004761818e-17	1.1591197138848437e-11	3.422953526855879e-10	2.010235008618769e-09	7.529029506595723e-09	3.148619021367873e-08	9.507831514696271e-07
jcv	JCV	10632	prevalence	crits_christoph	Marin	4000.0	1.1917343330320178e-08	5.1938028671549704e-08	8.653900445079135e-16	1.0007727089694468e-11	3.516128345464896e-10	1.9738694122948683e-09	8.251118203111162e-09	4.348297231337751e-08	1.3238229996575096e-06
jcv	JCV	10632	prevalence	crits_christoph	Oakland	4000.0	8.48455096947319e-09	1.307896497058101e-08	8.214124347653723e-13	1.3563548884331871e-10	1.2727066983110879e-09	4.230479884286486e-09	1.0304524133643097e-08	3.035611584414653e-08	2.175805495432305e-07
jcv	JCV	10632	prevalence	crits_christoph	Overall	4000.0	1.0019340875279507e-08	5.294255379211064e-08	4.553426951506802e-13	6.439221375884628e-11	6.543838565736324e-10	2.665808394500118e-09	8.083155158276381e-09	3.248319687456155e-08	2.1191162252268613e-06
jcv	JCV	10632	prevalence	rothman	ESC	4000.0	4.755031436163842e-10	1.3490882792711107e-10	1.310389866818519e-10	2.772312584450618e-10	3.795879825369122e-10	4.6332548062267015e-10	5.583458023814373e-10	7.215918475413221e-10	1.0840981313953848e-09
jcv	JCV	10632	prevalence	rothman	HTP	4000.0	7.622836499588652e-10	1.6012237472864732e-10	2.905304342244491e-10	5.170083634417472e-10	6.529198320056904e-10	7.525274906251963e-10	8.668951061810576e-10	1.0338643525672914e-09	1.4924184285153334e-09
jcv	JCV	10632	prevalence	rothman	JWPCP	4000.0	2.2967291626757403e-10	2.1594360483048527e-10	1.2828322460270773e-14	1.4261195985763653e-11	8.017183602262429e-11	1.7387420025585196e-10	3.124012210264786e-10	6.299712217644861e-10	2.288748119694621e-09
jcv	JCV	10632	prevalence	rothman	NC	4000.0	3.378478883027524e-10	3.7114261787352824e-10	9.307572119659196e-14	1.9976513458893003e-11	1.0787199425480477e-10	2.3538030802064934e-10	4.4127719498282165e-10	9.824509688236466e-10	5.5424411517743985e-09
jcv	JCV	10632	prevalence	rothman	OC	4000.0	2.516737278549719e-10	2.468326592574885e-10	5.6984884278328014e-15	1.4404395947242267e-11	8.268683420739946e-11	1.907310225825791e-10	3.4197834009440544e-10	7.007812829981029e-10	3.547455706742452e-09
jcv	JCV	10632	prevalence	rothman	Overall	4000.0	3.5721052735164477e-10	2.2376320388011845e-10	2.111444167888342e-12	1.0974903040226321e-10	2.2262219599708926e-10	3.2533620559955456e-10	4.414016769930547e-10	7.117831484341412e-10	4.756599886937913e-09
jcv	JCV	10632	prevalence	rothman	PL	4000.0	1.7047773881045126e-10	5.617886732504569e-11	4.085583659309933e-11	9.188642280893392e-11	1.2980560516787424e-10	1.638415636462278e-10	2.0415711618840606e-10	2.717777468774396e-10	5.486353999306297e-10
jcv	JCV	10632	prevalence	rothman	SB	4000.0	7.452481369008845e-10	7.625015634486018e-10	1.0635686154269206e-11	1.2470588301583346e-10	3.0267488935918687e-10	5.283764069949919e-10	8.957626224682239e-10	2.1058343354244776e-09	1.2597922551674955e-08
jcv	JCV	10632	prevalence	rothman	SJ	4000.0	6.933966990191514e-10	4.92667377359159e-10	4.168994505632969e-11	1.873810221919353e-10	3.6463003046577903e-10	5.640608663761623e-10	8.691941142040511e-10	1.61299814425037e-09	5.0882545644613115e-09
mcv	MCV	493803	prevalence	crits_christoph	Berkeley	4000.0	3.4072562328497357e-09	1.3925209638652914e-08	4.704960482883568e-19	2.0350265474559787e-12	5.4052343205814025e-11	3.5538562618545766e-10	2.0184724479310037e-09	1.471708650840599e-08	4.723941323034813e-07
mcv	MCV	493803	prevalence	crits_christoph	Marin	4000.0	5.656293589908645e-09	3.535611934982172e-08	7.096236395883051e-20	1.9048979471178133e-12	6.471088425420983e-11	4.4317767266387713e-10	2.35047714241273e-09	2.0798639414745054e-08	1.2877220563235703e-06
mcv	MCV	493803	prevalence	crits_christoph	Oakland	4000.0	1.5800367464539764e-09	3.873980540254697e-09	2.6364744604542263e-17	2.2050673881389826e-12	5.0434763116386875e-11	3.106326490942481e-10	1.3286902468601198e-09	7.221652022641671e-09	7.641791569073382e-08
mcv	MCV	493803	prevalence	crits_christoph	Overall	4000.0	4.952671518722767e-09	4.2381932092574123e-08	1.0529837085060202e-14	8.436096198066694e-12	1.113557514093434e-10	5.481447116126296e-10	2.2792568957547657e-09	1.60525235783393e-08	2.287663521410058e-06
mcv	MCV	493803	prevalence	rothman	ESC	4000.0	1.0414622308327038e-10	4.1617660236900954e-11	1.3217372965943523e-11	4.6368864972737595e-11	7.404210931614457e-11	9.788750700164144e-11	1.2728711462777976e-10	1.8230109735688564e-10	3.1405081181464257e-10
mcv	MCV	493803	prevalence	rothman	HTP	4000.0	1.4298771222894861e-10	4.4988991480830193e-11	3.4401104870798935e-11	7.538238877779189e-11	1.1118673319833447e-10	1.3873759880800744e-10	1.7198243626535685e-10	2.2139382480623788e-10	3.123033673914792e-10
mcv	MCV	493803	prevalence	rothman	JWPCP	4000.0	7.425152027462409e-11	8.873392217365451e-11	1.0124272620188559e-15	3.836748361929219e-12	2.239855847686133e-11	4.864845193330668e-11	9.363006977641144e-11	2.2194909033172512e-10	1.3118448621651749e-09
mcv	MCV	493803	prevalence	rothman	NC	4000.0	9.350661109321172e-11	1.315173941235021e-10	2.174766516189622e-14	4.3739205316471385e-12	2.5062343479292804e-11	5.590810083001981e-11	1.1198443107248306e-10	3.0616035307324017e-10	1.8765133968012074e-09
mcv	MCV	493803	prevalence	rothman	OC	4000.0	1.5747374505357482e-10	1.7540188042110238e-10	1.576123409606876e-12	2.002489605606275e-11	5.402281806843275e-11	1.0415221312170407e-10	1.909461441840107e-10	4.903250548207293e-10	2.232054216673686e-09
mcv	MCV	493803	prevalence	rothman	Overall	4000.0	7.42749225415311e-11	5.3069468966894314e-11	2.0155608624091758e-12	1.763565025684309e-11	4.1142107620244407e-11	6.444137273302769e-11	9.437400116124682e-11	1.5617240927032532e-10	9.077072131431698e-10
mcv	MCV	493803	prevalence	rothman	PL	4000.0	3.443063205640853e-11	1.811436619046831e-11	3.5317092217194575e-12	1.1472636252149301e-11	2.120226693404773e-11	3.120935022833505e-11	4.359742666691002e-11	6.897090097267948e-11	1.30633557965246e-10
mcv	MCV	493803	prevalence	rothman	SB	4000.0	8.675678905586821e-11	1.152787213692632e-10	8.431236008641307e-15	4.018551310162438e-12	2.3953621109531782e-11	5.569285352446954e-11	1.0518507223121705e-10	2.6264573179663285e-10	1.4132367629088962e-09
mcv	MCV	493803	prevalence	rothman	SJ	4000.0	7.24921807535261e-11	8.381008187554513e-11	2.7537087536556893e-15	4.336324386897384e-12	2.2740089356675288e-11	5.0300359074373415e-11	9.062955068297833e-11	2.157128436533891e-10	9.614013316409526e-10
norovirus	Norovirus (GI)	122928	incidence	crits_christoph	Berkeley	4000.0	0.0008502722308844323	0.003895963223353628	1.5227273294603457e-13	3.5964956221652483e-07	1.380660843552579e-05	9.032737914201262e-05	0.0004928464205607692	0.003360500892321384	0.16143793972245354
norovirus	Norovirus (GI)	122928	incidence	crits_christoph	Marin	4000.0	0.0010823431223957996	0.008245278727670478	5.995336851743373e-14	5.461418794346623e-07	1.4584178016812511e-05	9.988291527339073e-05	0.0005088782277422821	0.0038432433769397907	0.4249779082682465
norovirus	Norovirus (GI)	122928	incidence	crits_christoph	Oakland	4000.0	0.0004117812210154885	0.001035808103199001	1.2170853897098778e-13	3.329357431928579e-07	1.0768297847696999e-05	7.10188138537423e-05	0.0003299611095347258	0.002074365982769081	0.015114607159908528
norovirus	Norovirus (GI)	122928	incidence	crits_christoph	Overall	4000.0	0.0016554497969434939	0.015188134018542784	4.051897748213252e-09	1.9439341591335954e-06	2.609855506574538e-05	0.00012989288326089134	0.0005407772655832843	0.0038660051461273984	0.6250543942107264
norovirus	Norovirus (GI)	122928	incidence	rothman	ESC	4000.0	2.438788575595393e-06	1.4379050112366543e-06	2.6807538965461846e-07	8.080953199117555e-07	1.4616160936117763e-06	2.1115194446095332e-06	3.054537983686423e-06	5.151239791902898e-06	1.2181373409052862e-05
norovirus	Norovirus (GI)	122928	incidence	rothman	HTP	4000.0	2.595806626284558e-06	1.2323555571851134e-06	4.945090170843388e-07	1.0813525180297332e-06	1.7431023949147612e-06	2.3474153981467924e-06	3.1941911131236805e-06	4.937290466964005e-06	8.990792344158575e-06
norovirus	Norovirus (GI)	122928	incidence	rothman	JWPCP	4000.0	2.9821680666557293e-06	3.833034698785783e-06	3.0138537564199057e-09	3.1288581420742206e-07	1.1412637697644074e-06	2.00508526636921e-06	3.3853462164169473e-06	8.752507097616851e-06	6.023341772243249e-05
norovirus	Norovirus (GI)	122928	incidence	rothman	NC	4000.0	1.3933979559920125e-05	0.00023126920864758829	4.459195767674543e-08	7.445577165692562e-07	1.8454358476182248e-06	3.128979223862713e-06	6.5267737294570994e-06	3.1943495349942395e-05	0.013710574204794034
norovirus	Norovirus (GI)	122928	incidence	rothman	OC	4000.0	7.904632834557182e-06	2.2335467680593087e-05	9.44599909047584e-08	8.790236621037246e-07	1.9612711965818984e-06	3.3122064893712685e-06	6.707553794561829e-06	2.7862575329900266e-05	0.0007619712636221782
norovirus	Norovirus (GI)	122928	incidence	rothman	Overall	4000.0	3.50009737558797e-06	4.34078685923791e-06	1.7694720650507268e-07	1.0800630058226363e-06	1.8620398095897253e-06	2.60525355633578e-06	3.913511498457258e-06	8.413546179449342e-06	0.0001502071112370136
norovirus	Norovirus (GI)	122928	incidence	rothman	PL	4000.0	1.9027048604984777e-06	9.179727182379544e-07	2.2458056451925054e-07	7.367827927819207e-07	1.2464242933643558e-06	1.7264585792425853e-06	2.374030583485112e-06	3.6236276525416067e-06	8.95259380700538e-06
norovirus	Norovirus (GI)	122928	incidence	rothman	SB	4000.0	7.986910623770492e-06	2.93240079829186e-05	6.543554926576589e-08	7.015776799628099e-07	1.7175227984070107e-06	2.88689418836521e-06	5.969923525366885e-06	2.5330103317253525e-05	0.000751951814777153
norovirus	Norovirus (GI)	122928	incidence	rothman	SJ	4000.0	6.6857151916467824e-06	1.2513139141726975e-05	1.1534458842754591e-07	8.791152208426832e-07	1.9178608300132953e-06	3.2462014403493605e-06	6.267586205427988e-06	2.3533631836460024e-05	0.00019090259717044342
norovirus	Norovirus (GII)	122929	incidence	crits_christoph	Berkeley	4000.0	0.00013082338613170969	0.00037055679340047457	1.4411106588217036e-12	1.3663370404590333e-07	4.4699059513958594e-06	2.633699984284722e-05	0.0001101087253989278	0.0005958545614043772	0.009654443466977865
norovirus	Norovirus (GII)	122929	incidence	crits_christoph	Marin	4000.0	0.00014220639194433853	0.0006189954563050031	1.4110244857589923e-11	1.6577794958295062e-07	4.66306752950693e-06	2.5057252130302585e-05	0.00010463421730504538	0.0005358059681361286	0.0270561761191895
norovirus	Norovirus (GII)	122929	incidence	crits_christoph	Oakland	4000.0	0.00013842977153408637	0.0002423082364475681	4.19170411692069e-09	1.6747265367574585e-06	1.5113705775438403e-05	5.717028478142851e-05	0.00016012707974305326	0.0005209241667998035	0.0038824181884010984
norovirus	Norovirus (GII)	122929	incidence	crits_christoph	Overall	4000.0	0.00014809017465082397	0.0007819432669658671	3.412128585035888e-09	9.280164740824015e-07	8.994880330591868e-06	3.4883891800103326e-05	0.00011937147251137591	0.0005219106645028812	0.038791306542158524
norovirus	Norovirus (GII)	122929	incidence	rothman	ESC	4000.0	1.7844379473789207e-06	1.0199514948138248e-06	1.0746037997554284e-07	6.521300242020214e-07	1.1026274198418655e-06	1.5527458316666023e-06	2.1886868804431047e-06	3.614368447299385e-06	1.1038183276657024e-05
norovirus	Norovirus (GII)	122929	incidence	rothman	HTP	4000.0	2.9786047465695244e-06	1.2195340143472e-06	6.910709710065697e-07	1.437018332865526e-06	2.098708490980361e-06	2.7519682628725082e-06	3.589570536057366e-06	5.340781828885089e-06	9.469081638479079e-06
norovirus	Norovirus (GII)	122929	incidence	rothman	JWPCP	4000.0	1.8737461313805318e-06	2.6591552520126447e-06	5.409433167074197e-10	8.417931497842265e-08	4.0375619260797416e-07	1.057971733153565e-06	2.2216242897716897e-06	6.42412757549643e-06	3.3398129210091134e-05
norovirus	Norovirus (GII)	122929	incidence	rothman	NC	4000.0	3.377101423441561e-06	8.676891426541037e-06	2.8517486841035654e-11	3.495452546745355e-08	3.4963662046599583e-07	1.1999422054097304e-06	3.1724831161183477e-06	1.2340487426386176e-05	0.00020408421463236567
norovirus	Norovirus (GII)	122929	incidence	rothman	OC	4000.0	2.3284247938281505e-06	3.5143556939211677e-06	2.3727012343312105e-09	1.0768208022598735e-07	5.047631553154128e-07	1.2462330765335708e-06	2.7804537684907293e-06	8.134406163094972e-06	6.383672973982737e-05
norovirus	Norovirus (GII)	122929	incidence	rothman	Overall	4000.0	4.06892349093467e-06	5.664203654846202e-06	2.514269346560656e-08	7.598965066089316e-07	1.7261287454918903e-06	2.841913519871144e-06	4.698750328078347e-06	1.0826636605056108e-05	0.00021087384274349935
norovirus	Norovirus (GII)	122929	incidence	rothman	PL	4000.0	1.0786319189323826e-06	4.893553530695444e-07	1.600746711954306e-07	4.804055976182183e-07	7.34433439292219e-07	9.80293990866412e-07	1.318406271980561e-06	2.0067138280553125e-06	4.330562929158003e-06
norovirus	Norovirus (GII)	122929	incidence	rothman	SB	4000.0	0.00010959280065124533	0.00022666550859854265	7.821285209013848e-07	3.925045758964873e-06	1.634614624915485e-05	4.345363497789953e-05	0.00011197442114080345	0.00040378651398254137	0.0031809708756952914
norovirus	Norovirus (GII)	122929	incidence	rothman	SJ	4000.0	2.081190750505632e-05	2.5914911917155022e-05	2.7538831050003795e-07	2.326892407048711e-06	6.460722898783749e-06	1.2926860787913744e-05	2.548777707912431e-05	6.445639021051525e-05	0.00047113369291780564
sars_cov_2	SARS-COV-2	2697049	incidence	crits_christoph	Berkeley	4000.0	0.13624625855609168	0.1418226626583236	4.372970390494749e-05	0.008797010419381232	0.03649754459822429	0.08430253559488271	0.19250539133064287	0.4350938775168704	0.9462739876629399
sars_cov_2	SARS-COV-2	2697049	incidence	crits_christoph	Marin	4000.0	0.20358743718308603	0.18611806874623146	0.00012140362362600282	0.012080587027961236	0.06271595231938368	0.14816378778762396	0.29165126847118444	0.5983708621431998	0.984748098704661
sars_cov_2	SARS-COV-2	2697049	incidence	crits_christoph	Oakland	4000.0	0.33861395648420545	0.1587646607903713	0.019063913668760087	0.112435218419191	0.22443483886055254	0.3142889056689435	0.4401634320261897	0.6381550709923555	0.9370329402788016
sars_cov_2	SARS-COV-2	2697049	incidence	crits_christoph	Overall	4000.0	0.22479263454504683	0.18234510595369124	0.0005864872299017964	0.023741107433326462	0.08474915317007749	0.1782857319658253	0.31330893384123965	0.6159685306072966	0.927778962332138
sars_cov_2	SARS-COV-2	2697049	incidence	rothman	ESC	4000.0	7.962459338084511e-07	3.319840913597823e-07	2.0969050561059042e-07	3.7254215502208396e-07	5.593950035292335e-07	7.290075836058113e-07	9.647170624485358e-07	1.4453412161460344e-06	2.3943690456615956e-06
sars_cov_2	SARS-COV-2	2697049	incidence	rothman	HTP	4000.0	2.118375433577811e-06	6.667363752509793e-07	8.305776181135368e-07	1.231995710555955e-06	1.6390028334532873e-06	2.0178807250664993e-06	2.4846178237538367e-06	3.3738172960419636e-06	5.167741260748262e-06
sars_cov_2	SARS-COV-2	2697049	incidence	rothman	JWPCP	4000.0	1.4943214224658177e-06	1.1968960578413268e-06	5.546664620248741e-08	3.4645582806451405e-07	7.075848372084139e-07	1.168515664415531e-06	1.8952527175957312e-06	3.8025057270731135e-06	1.081448853686757e-05
sars_cov_2	SARS-COV-2	2697049	incidence	rothman	NC	4000.0	3.3685638200224157e-06	5.403459819470006e-06	1.8794054883880624e-08	2.7375228038548013e-07	8.890113293058551e-07	1.8073816090035028e-06	3.884430711244006e-06	1.1364909195614878e-05	0.00017288667793102078
sars_cov_2	SARS-COV-2	2697049	incidence	rothman	OC	4000.0	1.8432459217119604e-05	1.4579963231598106e-05	1.5012692050905484e-06	4.440259642434926e-06	8.879605079531534e-06	1.425313281485182e-05	2.3448368027083146e-05	4.570856228658519e-05	0.0001410480982176982
sars_cov_2	SARS-COV-2	2697049	incidence	rothman	Overall	4000.0	6.231336385736272e-06	8.769428159237225e-06	2.758582070330742e-07	1.1226667344321347e-06	2.4902862807334593e-06	4.113908965312733e-06	6.936570708123259e-06	1.7065755525629845e-05	0.00024853283013846495
sars_cov_2	SARS-COV-2	2697049	incidence	rothman	PL	4000.0	4.840558399278341e-07	1.5607189632384446e-07	1.4811701997671546e-07	2.69517331764173e-07	3.709600384201571e-07	4.612577387949359e-07	5.768647719465842e-07	7.621612709195015e-07	1.281438208617813e-06
sars_cov_2	SARS-COV-2	2697049	incidence	rothman	SB	4000.0	4.853005786332092e-05	5.719817253755096e-05	1.3263845850398993e-06	6.256876446828461e-06	1.5586882286655647e-05	3.008533430939207e-05	5.752394138552587e-05	0.00015659554265093527	0.000584510885024508
sars_cov_2	SARS-COV-2	2697049	incidence	rothman	SJ	4000.0	0.0001160783436834521	8.58716321606426e-05	9.991164661155067e-06	3.0121292096383056e-05	5.9024691406405554e-05	9.326769879146488e-05	0.00014555231246326185	0.0002788669646315964	0.0007736438904300255
