study,sample,Human-Infecting Viruses,DNA Viruses,RNA Viruses,Viruses
Brinch 2020,ERR1467141,4.588477781672886e-07,0.0016174384180396922,4.588477781672886e-07,0.0016192738091523613
Brinch 2020,ERR1467142,2.9821036504676313e-06,0.0035434846626681625,7.455259126169078e-07,0.003547212292231247
Brinch 2020,ERR1467143,3.6387334442176703e-06,0.002376820685762982,3.6387334442176703e-07,0.002377548432451826
Brinch 2020,ERR1467144,2.6634829167535072e-06,0.002592234748730351,6.658707291883768e-07,0.0025948982316471047
Brinch 2020,ERR1467145,6.021862371339147e-06,0.003229725518494895,0.0,0.003231732805952009
Brinch 2020,ERR1467146,3.0579520130880348e-06,0.0024792345946111237,0.0,0.002483821522630756
Brinch 2020,ERR1467147,4.776606785387057e-06,0.003923765355705222,0.0,0.003925068066646692
Brinch 2020,ERR1467148,6.838299700295974e-06,0.003703871783123947,1.8649908273534474e-06,0.0037082234283877715
Brinch 2020,ERR1467149,3.6514222492517628e-06,0.003315897115903851,8.114271665003918e-07,0.003317925683820102
Brinch 2020,ERR1467150,4.684332847278035e-06,0.0026647161996944477,0.0,0.00266672377091471
Brinch 2020,ERR1467151,2.723580418818579e-06,0.003189312670436556,0.0,0.0031913553557506697
Brinch 2020,ERR1467152,3.4282109766744526e-06,0.00491262632957449,0.0,0.0049143404350628275
Brinch 2020,ERR1467153,8.680111001259484e-07,0.003091855538648628,0.0,0.00309359156084888
Brinch 2020,ERR1467154,2.265939753193842e-06,0.005976416099048758,2.265939753193842e-06,0.005978682038801952
Brinch 2020,ERR1470822,1.984825020307241e-06,0.0017903121683171316,0.0,0.0017908083745722082
Brinch 2020,ERR1470823,5.691125543383924e-06,0.0017528666673622486,4.742604619486604e-07,0.0017561864905958893
Brinch 2020,ERR1470824,1.0674431960103244e-05,0.0028148477078792254,0.0,0.0028159151510752357
Brinch 2020,ERR1470825,1.0222278331172173e-05,0.0021267450068003704,0.0,0.0021308339181328397
Brinch 2020,ERR1470826,4.962045315382638e-06,0.0029434852810849813,0.0,0.0029459663037426725
Brinch 2020,ERR1470827,3.19775673811758e-06,0.0009149137334058631,0.0,0.0009163349586228044
Brinch 2020,ERR1470828,6.146288368205139e-06,0.001864001636030213,5.587534880186489e-07,0.0018662366499822875
Brinch 2020,ERR1470829,8.803414718806358e-06,0.002146146745377579,6.288153370575969e-07,0.0021467755607146363
Brinch 2020,ERR1470830,3.9971588195110915e-06,0.001453366946774233,3.997158819511091e-07,0.0014553655261839884
Brinch 2020,ERR1512984,3.918870424788759e-06,0.0014942093091087428,1.6795158963380394e-06,0.0014992478567977567
Brinch 2020,ERR1512985,7.595747316364045e-06,0.004199863977694212,0.0,0.004201616842459527
Brinch 2020,ERR1512986,5.913155103671048e-06,0.004622474612406122,5.375595548791862e-07,0.004626237529290277
Brinch 2020,ERR1512987,5.269117544001084e-07,0.004031928744669629,0.0,0.004032982568178429
Brinch 2020,ERR1512988,1.7376134227161677e-06,0.0016290125837964073,4.3440335567904193e-07,0.0016311846005748025
Brinch 2020,ERR1512990,1.8896661715741296e-06,0.003316994019836456,0.0,0.003319513574731888
Brinch 2020,ERR1512991,3.7543090081641205e-06,0.005486547184531045,0.0,0.00549030149353921
Brinch 2020,ERR1512992,6.119892779478504e-06,0.0029361885579764642,0.0,0.0029382285222362904
Brinch 2020,ERR1512993,7.009998887162677e-06,0.0036745537916645856,0.0,0.0036763062913863762
Brinch 2020,ERR1512994,3.888288364352617e-06,0.004424872158633277,0.0,0.004425427628399614
Brinch 2020,ERR1512995,1.5467425601682855e-06,0.0023242384870795435,0.0,0.002324238487079544
Brinch 2020,ERR1512996,6.443561915112515e-06,0.0047048741250179885,5.369634929260429e-07,0.00470594805200384
Brinch 2020,ERR1512997,1.0118866924995387e-05,0.004017190169223169,0.0,0.004018380624155521
Brinch 2020,ERR1512998,7.840365674655066e-06,0.0020418552321280264,5.60026119618219e-07,0.0020440953366064993
Brinch 2020,ERR1513002,5.745610022465335e-06,0.005227621180439999,8.839400034562055e-07,0.005229831030448639
Brinch 2020,ERR1513003,1.3213798376817008e-06,0.002714114186598213,4.4045994589390026e-07,0.002715435566435895
Brinch 2020,ERR1513004,5.349507650768578e-06,0.005935035579089067,9.72637754685196e-07,0.005938439811230465
Brinch 2020,ERR1513005,8.949168721660966e-06,0.0047709012807254795,9.943520801845517e-07,0.004774381513006125
Brinch 2020,ERR1513006,5.292416602099184e-06,0.004419167862752819,5.292416602099185e-07,0.004421284829393658
Brinch 2020,ERR1513007,9.791739492729144e-07,0.002784281124757532,4.895869746364572e-07,0.0027862394726560777
Brinch 2020,ERR1514427,1.2900524058981196e-05,0.015295059793929013,1.4885220068055226e-06,0.015299029185947161
Brinch 2020,ERR1514428,1.0018697394011575e-05,0.015163715951561269,0.0,0.01516538573446027
Brinch 2020,ERR1514429,6.566433704190917e-06,0.005063814791548563,0.0,0.005066003602783292
Brinch 2020,ERR1514430,1.3093315404220106e-06,0.0006189864857345054,0.0,0.0006189864857345055
Brinch 2020,ERR3562836,8.695791642648568e-07,0.0009674068202446532,4.830995357026982e-07,0.0009697740079695964
Brinch 2020,ERR3562837,2.7723872480151113e-06,0.0024583842575333996,4.419747786690757e-07,0.0024603530542747437
Brinch 2020,ERR3562838,3.5050741790532095e-06,0.0034831674654341267,2.920895149211008e-07,0.0034855041815534957
Brinch 2020,ERR3562839,1.5397632306080293e-06,0.0030674649825762957,2.5662720510133824e-07,0.0030700312546273092
Brinch 2020,ERR3562840,3.4626638272823284e-06,0.004485880988244257,0.0,0.004485880988244257
Brinch 2020,ERR3562841,0.0,0.0022390412094072227,0.0,0.0022439157548558596
Brinch 2020,ERR3562842,2.2198553631039615e-06,0.002548837927915969,0.0,0.0025497258700612102
Brinch 2020,ERR3562843,6.908865227867847e-07,0.0023381672590673157,7.599751750654632e-07,0.0023403780959402334
Brinch 2020,ERR3562844,3.371416858163144e-06,0.0059665986989028055,4.045700229795773e-07,0.005969295832389337
Brinch 2020,ERR3562845,4.395975826040491e-06,0.005057716720387119,3.9075340675915476e-07,0.0050587912922557075
Brinch 2020,ERR3562846,4.851398687944176e-06,0.0051451558289060196,4.950406824432832e-07,0.005146739959089838
Brinch 2020,ERR3562847,7.693695588800869e-06,0.008442705002037422,6.567788917269034e-07,0.008444581513156642
Brinch 2020,ERR3562848,8.405924595527299e-06,0.008028323804538117,4.16134880966698e-07,0.008030987067776304
Brinch 2020,ERR3562849,3.3881008542757496e-06,0.0029107658453490716,1.4520432232610354e-07,0.0029117822756053544
Brinch 2020,ERR3562850,2.4205402305889026e-06,0.001744230989991169,5.150085596997665e-07,0.0017462395233739983
Brinch 2020,ERR3562851,2.506020512182089e-06,0.0013139631420970219,5.658755995249879e-07,0.001316145805123761
Brinch 2020,ERR3562852,4.9428791729296305e-06,0.003930943657511636,6.590505563906174e-07,0.0039328109674214105
Brinch 2020,ERR3562853,6.71887485975141e-06,0.003028818078286428,3.803136713066836e-07,0.0030312901171499216
Brinch 2020,ERR3562854,5.087897571865961e-06,0.0029438811997215147,3.549695980371601e-07,0.0029464251485074476
Brinch 2020,ERR3562855,6.436663233779609e-06,0.0040454428424304845,0.0,0.004048661174047374
Brinch 2020,ERR3562856,2.1752347350183428e-06,0.004461406441522621,0.0,0.004461406441522621
Brinch 2020,ERR3562857,1.1974441751525545e-06,0.006003985094214908,1.1974441751525545e-06,0.006006379982565212
Brinch 2020,ERR3562858,0.0,0.003561810262077087,0.0,0.0035638834927302168
Brinch 2020,ERR3562859,1.3083473871648505e-06,0.005421791572411141,0.0,0.005425716614572635
Brinch 2020,ERR3562860,4.362573482097089e-06,0.0034494868522941687,1.3087720446291266e-06,0.003452540653731636
Brinch 2020,ERR3562861,5.50372439452801e-06,0.0033774175888231887,4.1537542600211396e-07,0.003378940632051863
Brinch 2020,ERR3562862,4.766010055447165e-06,0.0039290986897106426,3.574507541585374e-07,0.003931243394235594
Brinch 2020,ERR3562863,2.994639755265205e-06,0.003292392508074431,2.6737854957725045e-07,0.0032939433036619794
Brinch 2020,ERR3562864,5.942078990828995e-06,0.004172775453984739,4.951732492357496e-07,0.004175003733606299
Brinch 2020,ERR3562865,4.7917604513475726e-06,0.003407589216104252,6.907042092032537e-07,0.003410913230111043
Brinch 2020,ERR3562866,2.760632594600159e-06,0.0027955037431635294,1.452964523473768e-07,0.002797937458740348
Brinch 2020,ERR3562867,5.387597446539501e-06,0.0032040563394968463,8.689673300870162e-08,0.0032060549643560463
Brinch 2020,ERR3562868,3.6296191440632136e-06,0.0020133747710680302,1.2515928082976597e-07,0.0020158153770442108
Brinch 2020,ERR3562869,3.437341166193612e-06,0.002475710601539287,4.583121554924816e-07,0.0024774521877301585
Brinch 2020,ERR3562870,1.4359750635198046e-06,0.001346281851859952,6.075279114891481e-07,0.0013492642616072625
Brinch 2020,ERR3562871,1.6609447121333673e-06,0.00244158872683605,1.6609447121333673e-06,0.0024449106162603164
Brinch 2020,ERR3562872,3.2668528772806716e-06,0.005574884435079466,0.0,0.005574884435079466
Brinch 2020,ERR3562873,3.0642371351834177e-06,0.004596355702775126,0.0,0.004596355702775126
Brinch 2020,ERR3562874,1.146594677507507e-05,0.004546884893360324,0.0,0.004549432881532564
Brinch 2020,ERR3562875,1.7295103467956496e-05,0.004790023031312785,7.206293111648541e-07,0.0047921849192462795
Brinch 2020,ERR3562876,2.46553034482291e-06,0.0028156356537877634,0.0,0.002817484801546381
Brinch 2020,ERR3562877,0.0,0.0024582967515364355,0.0,0.0024582967515364355
Brinch 2020,ERR3562878,4.8069219676333924e-05,0.0022272071783368047,0.0,0.002227207178336805
Brinch 2020,ERR3562879,1.254295963675589e-05,0.0009156360534831799,0.0,0.0009156360534831799
Brinch 2020,ERR3562880,2.699419624780672e-05,0.0007558374949385882,0.0,0.0007558374949385882
Brinch 2020,ERR3562881,2.1677866897897247e-05,0.0009971818773032734,0.0,0.0009971818773032734
Brinch 2020,ERR3562882,3.895028969277959e-06,0.002800525828910852,0.0,0.0028005258289108526
Brinch 2020,ERR3562883,0.0,0.0,0.0,0.0
Brinch 2020,ERR3562884,0.0,0.08333333333333333,0.0,0.08333333333333333
Brinch 2020,ERR3562885,1.1284198173088315e-05,0.003759518691333924,0.0,0.0037613993910294388
Brinch 2020,ERR3562886,0.0,0.0,0.0,0.0
Brinch 2020,ERR3562887,0.0,0.0,0.0,0.0
Brinch 2020,ERR3562888,6.52734413246157e-06,0.00424567472793667,1.4505209183247933e-06,0.00424857576977332
Brinch 2020,ERR3562889,0.0,0.0,0.0,0.0
Brinch 2020,ERR3562890,0.0,0.0,0.0,0.0
Brinch 2020,ERR3562891,3.3666769013644468e-06,0.0024374740765878596,0.0,0.0024381474119681322
Brinch 2020,ERR3562892,0.0,0.0,0.0,0.0
Brinch 2020,ERR3562893,3.0226867755942223e-06,0.004458462994001479,0.0,0.004461485680777072
Brinch 2020,ERR3562894,0.0,0.0,0.0,0.0
Brinch 2020,ERR3562895,1.2214953872262527e-05,0.0038705117169909194,0.0,0.0038705117169909194
Brinch 2020,ERR3562896,0.0,0.05263157894736842,0.0,0.05263157894736842
Brinch 2020,ERR3562897,0.0,0.0009037352123777749,0.0,0.0009071327131761876
Brinch 2020,ERR3562898,5.024376600473296e-06,0.005298205125199091,0.0,0.005302392105699485
Brinch 2020,ERR3562899,0.0,0.0013350948586989732,0.0,0.0013357924004224312
Brinch 2020,ERR3562900,4.608318526976585e-06,0.0036062652650551206,1.0240707837725744e-06,0.003612409689757756
Brinch 2020,ERR3562901,1.1040732574687796e-05,0.0013403449345670982,0.0,0.0013436571543395048
Brinch 2020,ERR3562902,5.27580594530572e-06,0.0020971328632590235,0.0,0.0020997707662316766
Brinch 2020,ERR3562903,1.295231927467012e-06,0.002403302841415041,1.295231927467012e-06,0.0024052456893062413
Brinch 2020,ERR3562904,2.3880511472794726e-06,0.005225652923034306,1.1940255736397363e-06,0.005229234999755225
Brinch 2020,ERR3562905,3.846836553959851e-06,0.003675377553269069,0.0,0.003678674841743892
Brinch 2020,ERR3562906,4.118904536149566e-06,0.005066840994397701,0.0,0.005068017824265173
Brinch 2020,ERR3562907,4.7431214363594645e-06,0.004906759125913866,5.928901795449331e-07,0.0049103164669911355
Brinch 2020,ERR3562908,3.176829981142337e-06,0.0029449213925189467,6.353659962284674e-07,0.002946827490507632
Brinch 2020,ERR3562909,4.789242540241611e-06,0.00279144422345511,2.0525325172464044e-06,0.0027962334659953516
Brinch 2020,ERR3562910,7.028414474035631e-07,0.0028275311429045344,7.028414474035631e-07,0.0028310453501415524
Brinch 2020,ERR3562911,2.888502086365057e-06,0.0025765438610376307,0.0,0.0025771215614549038
Brinch 2020,ERR3562912,5.216450831183479e-06,0.003121756019639358,5.796056479092754e-07,0.003124074442230995
Brinch 2020,ERR3562913,0.0,0.002134055354445692,5.695370574981831e-07,0.002136903039733183
Brinch 2020,ERR3562914,3.0120590797316135e-06,0.003992785516092227,6.024118159463227e-07,0.003994592751540066
Brinch 2020,ERR3562915,3.985631230039816e-06,0.003288715140672854,1.7081276700170641e-06,0.003290992644232877
Brinch 2020,ERR3562916,1.0735511353876807e-06,0.002697297227661548,5.367755676938403e-07,0.0026978340032292416
Brinch 2020,ERR3562917,0.0,0.0013466268268390348,0.0,0.0013491676321726934
Brinch 2020,ERR3562918,4.461928594269396e-06,0.0030727814919201913,1.4873095314231322e-06,0.0030772434205144604
Brinch 2020,ERR3562919,1.4726325958389292e-06,0.0031367074291369194,0.0,0.0031381800617327586
Brinch 2020,ERR3562920,2.683365962446571e-06,0.0082282178693297,3.7011944309607876e-07,0.008229328227658988
Brinch 2020,ERR3562921,8.594183263742661e-06,0.00614608190495633,1.378745978140534e-07,0.0061470929853403
Brinch 2020,ERR3562922,1.2372074622955401e-06,0.0032284741272926016,2.2494681132646186e-07,0.0032293364234026864
Brinch 2020,ERR3562923,1.1341458942595458e-06,0.004106238218271922,5.8807564887532e-07,0.004107624396587128
Brinch 2020,ERR3562924,1.4837079959793492e-05,0.007228229700945795,3.956554655944931e-07,0.00723001015054097
Brinch 2020,ERR3562925,5.778058308928741e-06,0.006361873320462901,4.622446647142993e-07,0.006363722299121758
Brinch 2020,ERR3562926,2.500469532612235e-06,0.006633745670020259,5.556598961360523e-07,0.006635412649708667
Brinch 2020,ERR3562927,5.53929388128213e-06,0.007206759821895083,2.769646940641065e-07,0.007207590715977276
Brinch 2020,ERR3562928,2.8952513841494986e-06,0.010058980657439646,5.264093425726362e-07,0.010060428283131721
Brinch 2020,ERR3562929,4.150185341012899e-06,0.005003361650126221,1.9576345948174051e-07,0.00500422300934794
Brinch 2020,ERR3562930,2.591888382918678e-06,0.0006670512741039319,4.31981397153113e-07,0.0006680592306972892
Brinch 2020,ERR3562931,2.9694780146472016e-06,0.0007326844369063357,5.482113257810219e-07,0.0007341006494979367
Brinch 2020,ERR3562932,6.537140167576617e-06,0.004711792347148292,0.0,0.004712089489883181
Brinch 2020,ERR3562933,1.5607364297683472e-05,0.006687383997645517,0.0,0.00668837494141045
Brinch 2020,ERR3562934,1.6332835605291258e-06,0.0032221055130216255,1.8147595116990286e-07,0.003222831416826305
Brinch 2020,ERR3562935,1.399975173773585e-06,0.0025857541459598115,1.3333096893081762e-07,0.0025865541317733965
Brinch 2020,ERR3562936,6.7557452208507155e-06,0.0071657610493687475,2.7022980883402866e-07,0.007166880572862488
Brinch 2020,ERR3562937,4.952372996313056e-06,0.00467070678214775,5.864652232475987e-07,0.004671912293995537
Brinch 2020,ERR3562938,3.3429860729608304e-06,0.004515100666066097,4.775694389944043e-07,0.0045163741845700815
Brinch 2020,ERR3562939,7.672294879065216e-06,0.005729309880864415,2.8415906959500796e-07,0.005730351797452931
Brinch 2020,ERR3562940,2.433216055068876e-06,0.004948130432257945,3.2992760068730516e-07,0.0049492851788603505
Brinch 2020,ERR3562941,3.1321180394097547e-06,0.005261315820456715,1.6062143791844896e-07,0.005262078772286827
Brinch 2020,ERR3562942,6.752381396108872e-06,0.006140905029395528,2.572335769946237e-07,0.006142062580492004
Brinch 2020,ERR3562943,1.0819113646828308e-05,0.010032104543756349,2.5329028604614767e-07,0.010033407179513157
Brinch 2020,ERR3562944,6.719196530695581e-06,0.00750663206755548,3.0541802412252636e-07,0.007507684062971903
Brinch 2020,ERR3562945,6.440148932795523e-06,0.004270819576399204,2.1757259908092983e-07,0.004272951787870197
Brinch 2020,ERR3562946,5.3177346450412125e-06,0.005743733533151241,5.317734645041212e-07,0.0057452321674602985
Brinch 2020,ERR3562947,4.839512375287901e-06,0.004554322757784171,1.7080631912780827e-07,0.004555518402018065
Brinch 2020,ERR3562948,4.199432740625396e-06,0.00621356467168415,2.519659644375238e-07,0.0062154544164174305
Brinch 2020,ERR3562949,5.5564052225208325e-06,0.006355451021051969,1.7363766320377601e-07,0.0063569443049555216
Brinch 2020,ERR3562950,7.333303022347508e-06,0.005603489659422228,4.5128018599061587e-07,0.005605464010235937
Brinch 2020,ERR3562951,1.5422262028647643e-05,0.010951519625009676,2.9658196208937775e-07,0.010952936627717437
Brinch 2020,ERR3562952,7.554427086334298e-06,0.004729743572014816,2.56082274113027e-07,0.004730831921679797
Brinch 2020,ERR3562953,5.8360033048453e-06,0.0064481423328095686,3.2065952224424727e-07,0.006449617366611891
Brinch 2020,ERR3562954,3.305927342593339e-06,0.005082929407784109,3.0855321864204496e-07,0.005084604410971024
Brinch 2020,ERR3562955,8.11424440981633e-06,0.007879827662883905,3.3023087714368783e-07,0.007880959883034111
Brinch 2020,ERR3562956,5.236725705063861e-06,0.006353589580895233,1.92173420369316e-07,0.0063542621878665256
Brinch 2020,ERR3562957,4.018493246922099e-06,0.0035643330101383765,5.287491114371182e-07,0.003566448006584125
Brinch 2020,ERR3562958,1.8725781712439031e-06,0.004264515898282303,4.681445428109758e-07,0.004265920331910735
Brinch 2020,ERR3562959,7.556030004654787e-06,0.009863932010070532,3.403617119213868e-07,0.00986545229238378
Brinch 2020,ERR3562960,1.429400594118623e-05,0.00601229052880995,3.0477624608072986e-07,0.006013997275788002
Brinch 2020,ERR3562961,7.228878836643957e-06,0.006334737241844067,5.500233897446489e-07,0.006336190875088392
Brinch 2020,ERR3562962,6.865732000428377e-06,0.005885902001580357,8.441473771018496e-07,0.005887083807908299
Brinch 2020,ERR3562963,1.0923192408631972e-05,0.007202502378032708,0.0,0.007203218652944749
Brinch 2020,ERR3562964,1.5483508277126212e-05,0.007835846227324104,1.98506516373413e-07,0.007836044733840478
Brinch 2020,ERR3562965,7.91513080149406e-06,0.006557685869037829,5.936348101120545e-07,0.006558675260388016
Brinch 2020,ERR3562966,4.004608141342515e-06,0.0023273232346589273,7.750854467114546e-07,0.002329002586460136
Brinch 2020,ERR3562967,1.881333432172046e-05,0.007240585294073777,2.2486056958231624e-07,0.007242908853292794
Brinch 2020,ERR3562968,1.8885365676179342e-05,0.006964845778249732,2.3124937562668581e-07,0.006966079108253074
Brinch 2020,ERR3562969,1.1965497487993371e-05,0.007773358248762421,0.0,0.007774174078136602
Brinch 2020,ERR3562970,1.023073622291523e-05,0.00596429841070297,7.360241886989374e-07,0.005966653688106806
Brinch 2020,ERR3562971,1.272077482933346e-05,0.006012532044788229,0.0,0.006013457192048544
Brinch 2020,ERR3562972,1.0838420031327049e-05,0.007306500081488861,4.01422964123224e-07,0.00730750363889917
Brinch 2020,ERR3562973,6.343739908249697e-06,0.0028802561602174954,7.929674885312121e-07,0.0028818420951945574
Brinch 2020,ERR3562974,9.01554361679022e-06,0.0050450982079558076,1.639189748507313e-07,0.005045917802830061
Brinch 2020,ERR3562975,0.0,0.007426912921082686,0.0,0.007426912921082686
Brinch 2020,ERR3562976,1.672621114619732e-05,0.007908252487899085,0.0,0.00791000000249645
Brinch 2020,ERR3562977,7.426166729696257e-06,0.00680533919109365,3.713083364848128e-07,0.006806824424439589
Brinch 2020,ERR3562978,8.003459055962723e-06,0.004659379614799372,3.9041263687623043e-07,0.004661526884302191
Brinch 2020,ERR3562979,4.823448907456666e-06,0.004663953530250098,0.0,0.004664596656771093
Brinch 2020,ERR3562980,1.3716705207262761e-05,0.006394995610654333,0.0,0.006397002933367591
Brinch 2020,ERR3562981,9.197929086266228e-06,0.004529980074986117,0.0,0.004531992121973738
Brinch 2020,ERR3562982,1.2062268878312385e-05,0.006745910029259619,3.446362536660681e-07,0.006746943938020616
Brinch 2020,ERR3562983,8.35299362550033e-06,0.0033878188099703663,7.7702266283724e-07,0.0033889843439646222
Brinch 2020,ERR3562984,8.330832722269476e-06,0.0029353934121408324,3.2669932244194024e-07,0.0029360468107857167
Brinch 2020,ERR3562985,1.3695922702740743e-05,0.005723842157230036,4.2141300623817673e-07,0.005726792048273702
Brinch 2020,ERR3562986,1.129024442908762e-05,0.006081678332468532,2.352134256059921e-07,0.006082619186170956
Brinch 2020,ERR3562987,1.3388066495436728e-05,0.006046600083349296,5.149256344398742e-07,0.0060479732183744694
Brinch 2020,ERR3562988,2.591615980940785e-06,0.003143630184881172,2.3560145281279862e-07,0.0031452793950508618
Brinch 2020,ERR3562989,1.9012474262605642e-05,0.005630663080834802,5.941398207064263e-07,0.005631554290565862
Brinch 2020,ERR3562990,9.452210055604774e-06,0.0032484095224428406,8.592918232367977e-07,0.003250128106089314
Brinch 2020,ERR3562991,2.9190830187210526e-06,0.0015665745533802982,0.0,0.0015665745533802982
Brinch 2020,ERR3562992,3.666746200137817e-06,0.002432100372462841,0.0,0.002432362282905708
Brinch 2020,ERR3562993,2.0698553171133337e-06,0.0015638906840411855,0.0,0.0015641206679653092
Brinch 2020,ERR3562994,5.043821986373106e-06,0.0024230520822536403,2.5219109931865533e-07,0.002423808655551596
Brinch 2020,ERR3562995,6.655561738654578e-06,0.004428906583644696,1.1092602897757631e-06,0.004431494857654174
Brinch 2020,ERR3562996,1.0889086299300971e-05,0.006584605161730787,2.532345651000226e-07,0.006586124569121388
Brinch 2020,ERR3562997,1.138295976097854e-05,0.005068780240837558,2.587036309313305e-07,0.0050705911662540775
Brinch 2020,ERR3562998,1.0335321160103127e-05,0.0043985126472658245,0.0,0.004400179634549712
Brinch 2020,ERR3562999,7.8970851858579e-06,0.0028487418627118066,2.6323617286193e-07,0.002850058043576116
Brinch 2020,ERR3563000,1.0967731261584667e-05,0.0033903302160810363,3.717875003927005e-07,0.003392746834833589
Brinch 2020,ERR3563001,1.947154234086882e-05,0.0037580076717876826,0.0,0.003761547952213295
Brinch 2020,ERR3563002,5.644307588799775e-06,0.003882436974955925,2.8221537943998874e-07,0.003884976913370885
Brinch 2020,ERR3563003,7.962015876259657e-06,0.0034064157923930903,5.687154197328327e-07,0.003407742795039133
Brinch 2020,ERR3563004,6.580154307250566e-06,0.004401070406861469,5.264123445800453e-07,0.004402912850067499
Brinch 2020,ERR3563005,7.959565407728738e-06,0.0026029339582372525,0.0,0.0026040264476069413
Brinch 2020,ERR3563006,3.4428084630587974e-06,0.002648049370932686,2.6483142023529213e-07,0.002649903190874333
Brinch 2020,ERR3563007,1.0938046902345117e-05,0.00618218410920546,2.1876093804690235e-06,0.006186559327966398
Brinch 2020,ERR3563008,1.0684011803696241e-05,0.00503216955954093,2.136802360739248e-06,0.005034306361901669
Brinch 2020,ERR3563009,1.5965157639966537e-06,0.0014656014713489282,0.0,0.0014687945028769214
Brinch 2020,ERR3563010,2.4453225869556714e-06,0.00491998904495481,1.2226612934778357e-06,0.004922434367541766
Brinch 2020,ERR3563011,1.2579636085105431e-05,0.004176439180255003,0.0,0.004176439180255003
Brinch 2020,ERR3563012,3.1108359749515485e-06,0.002351791997063371,0.0,0.0023533474150508465
Brinch 2020,ERR3563013,1.0343232112931546e-05,0.005413187988703351,9.193984100383596e-07,0.005414796935920919
Brinch 2020,ERR3563014,7.36857618055117e-06,0.00564064506621192,0.0,0.005641697719951999
Brinch 2020,ERR3563015,1.2967173878790795e-05,0.005449007678634977,2.235719634274275e-07,0.005451355184250965
Brinch 2020,ERR3563016,8.116302874201364e-06,0.00495843672514671,0.0,0.004959685387127356
Brinch 2020,ERR3563017,8.17401314767722e-06,0.004895639401775188,8.917105252011513e-07,0.00489742282282559
Brinch 2020,ERR3563018,3.704862159214043e-06,0.0031482066197921336,4.631077699017554e-07,0.0031501516724257205
Brinch 2020,ERR3563019,4.7372660618068675e-06,0.006220030339152417,2.429367211183009e-07,0.006221427225298847
Brinch 2020,ERR3563020,2.0815669315751257e-06,0.00279115622097937,5.625856571824664e-07,0.0027927314608194812
Brinch 2020,ERR3563021,1.371496221459335e-06,0.0024209651301200187,2.0572443321890027e-07,0.0024227480752079156
Brinch 2020,ERR3563022,3.5170833531169272e-06,0.004897858304065605,7.993371257083925e-07,0.00490025631544273
Brinch 2020,ERR3563023,4.162566833553123e-06,0.0034979731842130664,8.856525177772602e-08,0.00350018731550751
Brinch 2020,ERR3563024,2.4005530456729746e-06,0.0010717425630214323,4.69673421979495e-07,0.0010729428395442686
Brinch 2020,ERR3563025,2.291080213773058e-06,0.0009283734732901009,6.942667314463811e-08,0.0009295537267335597
Brinch 2020,ERR3563026,9.75600989464793e-06,0.006727111138496402,8.557903416357833e-08,0.006728822719179674
Brinch 2020,ERR3563027,2.1947632003279577e-06,0.0036988645457134957,4.303457255545016e-08,0.0037005428940431588
Brinch 2020,ERR3563028,2.768488497348786e-06,0.0024476013654700338,1.2876690685343192e-07,0.0024485671172714343
Brinch 2020,ERR3563029,5.138808166122487e-06,0.004462465579414293,6.128853776109388e-07,0.004464681395779502
Brinch 2020,ERR3563030,4.2087592697922915e-06,0.003397430732841189,1.2025026485120833e-07,0.0033986933606221267
Brinch 2020,ERR3563031,1.255260080798927e-06,0.0014054151573607023,5.194179644685216e-07,0.0014070599809148526
Brinch 2020,ERR3563032,4.777836775530104e-06,0.0027075830369901405,2.986147984706315e-07,0.0027090334517255693
Brinch 2020,ERR3563033,2.491828670831177e-06,0.0016838532243141678,6.229571677077942e-08,0.0016859089829676034
Brinch 2020,ERR3563034,4.165172509264169e-06,0.0015782074402083592,5.894112041411559e-07,0.0015795827330180219
Brinch 2020,ERR3563035,9.286839349668976e-06,0.0035854130366848864,3.4652385633093193e-07,0.003586729827338944
Brinch 2020,ERR3563036,3.866268698741943e-06,0.0012056758957611298,6.665980515072316e-08,0.001206809112448692
Brinch 2020,ERR3563037,1.4102555191608899e-06,0.0006628200940056182,4.532964168731432e-07,0.0006639281519135304
Brinch 2020,ERR3563038,5.340286944555468e-06,0.003654043086207158,1.2868161312181852e-07,0.0036548151758858892
Brinch 2020,ERR3563039,5.360424738251141e-06,0.003588304661647946,9.085465658052782e-08,0.0035893949175269126
Brinch 2020,ERR3563040,6.692060086084507e-06,0.0035098701348050118,3.8460115437267284e-07,0.0035117931405768757
Brinch 2020,ERR3563041,4.54796771106652e-06,0.0024350273921821255,5.912358024386476e-07,0.0024373013760376587
Brinch 2020,ERR3563042,7.638565973816905e-07,0.000227120028288156,5.092377315877937e-07,0.00022871139619936784
Brinch 2020,ERR3563043,7.826801802544797e-06,0.0054579975974952686,4.527901869240792e-07,0.005460973075866483
Brinch 2020,ERR3563044,4.6447376602819135e-07,0.00037047588762823615,4.0641454527466745e-07,0.0003718693089263207
Brinch 2020,ERR3563045,3.7197888502686098e-06,0.0015950636043066445,5.443593439417478e-07,0.0015982390338129713
Brinch 2020,ERR3563046,1.1970692324990616e-06,0.0005761893239095483,2.280131871426784e-07,0.0005776144063291901
Brinch 2020,ERR3563047,3.652619119671308e-07,0.0003625224476273773,4.2613889729498595e-07,0.00036386174130459013
Brinch 2020,ERR3563048,2.6910916792142967e-06,0.002317129605865703,1.9934012438624423e-07,0.002319422017296145
Brinch 2020,ERR3563049,3.1299413405521375e-06,0.001546277965047771,4.347140750766857e-07,0.0015507989914285687
Brinch 2020,ERR3563050,5.294179035645707e-06,0.002373895374983438,3.6261500244148684e-07,0.0023760710649980863
Brinch 2020,ERR3563051,3.6121204544801364e-06,0.00391388956114464,2.3557307311826977e-07,0.00391710905981059
Brinch 2020,ERR3563052,3.316650305907095e-06,0.004509234839653639,3.3166503059070953e-07,0.0045110589973218875
Brinch 2020,ERR3563053,1.588043740832483e-06,0.0028545086241463886,2.443144216665359e-07,0.002858173340471386
Brinch 2020,ERR3563054,4.416631613653806e-06,0.0026390334028888805,4.800686536580223e-07,0.0026410496912342442
Brinch 2020,ERR3563055,1.8773897004668057e-06,0.002273013476192099,3.610364808590011e-07,0.0022753241096695968
Brinch 2020,ERR3563056,2.1073965580009097e-06,0.0010895240204864703,1.7561637983340914e-07,0.0010905777187654707
Brinch 2020,ERR3563057,1.855794878992025e-06,0.0026618477859642175,2.899679498425039e-07,0.0026640515423830206
Brinch 2020,ERR3563058,2.397029108425708e-06,0.0011996788254940893,4.109192757301214e-07,0.0012033086124297054
Brinch 2020,ERR3563059,1.0034372184452722e-06,0.0011499947988504178,5.574651213584845e-07,0.0011530051105057536
Brinch 2020,ERR3563060,7.713156552241647e-07,0.0024350435235426875,1.5426313104483293e-07,0.0024368432600715443
Brinch 2020,ERR3563061,4.100078646438149e-06,0.003813073141187479,6.352234522650653e-07,0.0038149788115442737
Brinch 2020,ERR3563062,9.952742168463654e-07,0.0014924136881611246,2.7646506023510147e-07,0.0014951783387634758
Brinch 2020,ERR3563063,2.759786311198443e-06,0.004514574649387306,4.357557333471226e-07,0.004517842817387409
Brinch 2020,ERR3563064,3.905394721152739e-06,0.003763803389134776,4.1546752352688717e-07,0.0037668778488088753
Brinch 2020,ERR3563065,4.526895575922256e-06,0.0037513065680727913,4.584198051566842e-07,0.0037535986670985746
Brinch 2020,ERR3563066,4.119403267294572e-06,0.005359748837956857,2.701248044127588e-07,0.005362315023598779
Brinch 2020,ERR3563067,2.760441173708382e-06,0.0036368212367700603,3.6005754439674546e-07,0.0036386215244920443
Brinch 2020,ERR3563068,8.325693188294472e-06,0.008182240173121557,7.268462307241206e-07,0.008185544019624848
Brinch 2020,ERR3563069,8.29080066897121e-06,0.005002951910656789,2.570790905107352e-07,0.005004815734062992
Brinch 2020,ERR3563070,8.885586020970406e-06,0.0034277911088992736,2.1156157192786681e-07,0.0034303298477624086
Brinch 2020,ERR3563071,2.451719068226892e-06,0.00213789902749385,2.7241322980298803e-07,0.0021398967245124054
Brinch 2020,ERR3563072,1.68269574589275e-06,0.003714494769200049,6.16988440160675e-07,0.0037170188128188885
Brinch 2020,ERR3563073,4.072016977881875e-06,0.008198827587729284,8.572667321856579e-07,0.008202256654658027
Brinch 2020,ERR3563074,3.542098618861178e-06,0.00471036974227504,3.1071040516326125e-07,0.004711985436381889
Brinch 2020,ERR3563075,6.338353620104065e-06,0.004194871563517107,2.485628870629045e-07,0.004196487222283016
Brinch 2020,ERR3563076,1.1126282820172609e-05,0.0047963375915740306,2.0992986453155866e-07,0.004797457217518199
Brinch 2020,ERR3563077,4.216671600172439e-06,0.003184277058937492,3.833337818338581e-07,0.0031851970600138934
Brinch 2020,ERR3563078,5.621464409909813e-06,0.003106734560440649,9.21551542608166e-08,0.0031081168877545614
Brinch 2020,ERR3563079,2.2404106885041464e-06,0.0018986301421552373,4.12707232092869e-07,0.0018999861802035424
Brinch 2020,ERR3563080,3.1104704310040633e-06,0.001245432360574027,3.4560782566711815e-07,0.001246745670311562
Brinch 2020,ERR3563081,3.024769914605581e-06,0.0017078146037366976,4.426492557959387e-07,0.0017103229495195411
Brinch 2020,ERR3563082,1.945786719341784e-06,0.0028714661365580587,3.4337412694266775e-07,0.0028736408393620293
Brinch 2020,ERR3563083,6.214649925821122e-06,0.004664072088124643,7.257985314827588e-07,0.004666884557434139
Brinch 2020,ERR3563084,4.3678067963253864e-06,0.003404637854331572,4.953182964905078e-07,0.0034078799377267825
Brinch 2020,ERR3563085,7.660835999569258e-06,0.005352178026265105,5.781763018542837e-07,0.005353840283132935
Brinch 2020,ERR3563086,7.452324517457406e-06,0.003758292772631839,1.8325388157682147e-07,0.0037614691732458373
Brinch 2020,ERR3563087,2.581560458640031e-06,0.002071845688084105,2.8684005096000344e-07,0.002073662341740185
Brinch 2020,ERR3563088,4.738030224384942e-06,0.0028837176828897366,3.26760705129996e-07,0.0028854604066504298
Brinch 2020,ERR3563089,4.702637709491254e-06,0.003864167411501111,4.502525466534179e-07,0.0038669189548417708
Brinch 2020,ERR3563090,3.983169148488206e-06,0.00812602176463073,4.1615200058832005e-07,0.008128399776062663
Brinch 2020,ERR3563091,2.9262819779290206e-06,0.0015233699866893477,4.367585041685105e-07,0.0015254227516589398
Brinch 2020,ERR3563092,3.349047874350653e-06,0.004958149893566681,4.6193763784146934e-07,0.004960286355141698
Brinch 2020,ERR3563093,1.1295365009720289e-05,0.005444594123877294,5.704729802889035e-07,0.005447104204990566
Brinch 2020,ERR3563094,1.6873408936792606e-06,0.004770261589451301,5.459044067785844e-07,0.004773239249851911
Brinch 2020,ERR3563095,4.4901056440219756e-06,0.007674611024189015,4.0819142218381597e-07,0.007676447885588843
Brinch 2020,ERR3563096,4.960614829156426e-06,0.005970785989366131,3.16634989095091e-07,0.005972685799300701
Brinch 2020,ERR3563097,1.051066862061294e-05,0.008311213890743935,5.839260344784967e-07,0.008313938878904834
Brinch 2020,ERR3563098,9.772283778317064e-06,0.004416367959058533,8.803859259745102e-08,0.004418128730910482
Brinch 2020,ERR3563100,4.019201399753874e-06,0.00309369654409805,3.3493344997948954e-07,0.003096292278335391
Brinch 2020,ERR3563101,2.9576002651136543e-06,0.0031582945688177952,3.520952696563874e-07,0.003160125464220008
Brinch 2020,ERR3563103,4.918762264339703e-06,0.0037528905544132866,3.7515983372082484e-07,0.003754474562600108
Brinch 2020,ERR3563104,6.918573553840291e-06,0.008865031395220007,4.3850114073635647e-07,0.008866931566829864
Brinch 2020,ERR3563105,4.8989829711351926e-06,0.007900705866093777,2.5784120900711537e-07,0.007902059532441065
Brinch 2020,ERR3563106,1.0225508606660737e-05,0.014225754018867297,3.0852827692510844e-07,0.014227825565869509
Brinch 2020,ERR3563107,7.955861431357474e-06,0.007342324117445142,2.477603905959075e-07,0.007344030911247025
Brinch 2020,ERR3563108,3.9441798158749296e-06,0.003981918445476823,4.482022518039692e-07,0.003983352692682596
Brinch 2020,ERR3563109,1.2633425724510695e-06,0.002677367458998121,3.062648660487441e-07,0.0026785159522458037
Brinch 2020,ERR3563110,2.827299239976116e-06,0.0030498917450045063,3.0565397188930984e-07,0.003051725668835842
Brinch 2020,ERR3563111,6.66495455236737e-06,0.0038608696796242907,1.7311570265889275e-07,0.0038620814895429026
Brinch 2020,ERR3563112,8.97783275507633e-06,0.00708728333578272,3.2528379547378006e-07,0.007089039868278278
Spurbeck 2023,SRR23083716,5.074303138869516e-06,9.61757455390385e-06,3.740823476794504e-05,4.7084812846719463e-05
Spurbeck 2023,SRR23083718,9.250921337348016e-06,5.877055908432857e-06,3.460932923854905e-05,4.0486385146981905e-05
Spurbeck 2023,SRR23083720,8.39593392552654e-05,0.0013651570486700297,0.0008475895201007745,0.002221396924936498
Spurbeck 2023,SRR23083722,9.26692112541851e-06,0.0020027451891051536,8.254568397431614e-06,0.0020136474492527044
Spurbeck 2023,SRR23083725,2.8838727967700623e-05,0.0037697268304445726,1.2219799986313824e-05,0.003784879382427602
Spurbeck 2023,SRR23083727,2.9416263663854473e-05,0.0011114989699949752,0.0004800298433442326,0.0015926183045860173
Spurbeck 2023,SRR23083729,1.0235135573390138e-05,0.0002566626909112584,0.00038732733355699,0.0006452841220694817
Spurbeck 2023,SRR23083731,0.0001208171840217811,0.0012054544987086706,0.0006183693818877205,0.0018274470026085781
Spurbeck 2023,SRR23083733,1.068850727913101e-05,0.0043398558983175255,1.6741035497434114e-06,0.00434391237999575
Spurbeck 2023,SRR23083734,3.054582642700683e-07,2.3418466927371903e-06,2.5454855355839023e-06,4.989151649744449e-06
Spurbeck 2023,SRR23083736,3.1030877190481154e-05,0.00038215503711160124,0.0002098078678509559,0.000592172573051682
Spurbeck 2023,SRR23083738,1.1805510651387831e-05,0.0014942020185813372,1.7976573037340563e-05,0.001513251819859713
Spurbeck 2023,SRR23083740,2.2841756421851188e-05,0.000864874628116828,0.00030510479786102513,0.0011727392268822928
Spurbeck 2023,SRR23083742,2.586329217967229e-05,0.0004798209123333159,0.0001326559519215609,0.0006167400442844931
Spurbeck 2023,SRR23083744,3.694464030824657e-05,0.0012063463846372444,0.0010776272833187813,0.002287135189742795
Spurbeck 2023,SRR23083747,1.192708000143125e-05,0.0032642927078917155,2.094015750251282e-05,0.003288282402894594
Spurbeck 2023,SRR23083749,4.668212542567257e-05,0.000665047816409089,0.000632623285941011,0.0012979010635590935
Spurbeck 2023,SRR23083751,7.371265107549593e-05,0.0034644946005483084,0.00038273876519969043,0.003847233365747999
Spurbeck 2023,SRR23083753,6.670023781950291e-05,0.0005971816614132103,0.0012271283519307379,0.0018270404324359747
Spurbeck 2023,SRR23083755,1.7685597854220693e-05,0.0004332422232114684,0.00036079718106948985,0.000797279933080334
Spurbeck 2023,SRR23083756,1.2060727499705779e-07,4.100647349899965e-06,1.302558569968224e-06,5.5479346498646585e-06
Spurbeck 2023,SRR23083758,2.397506593143131e-05,0.0003646078208533255,0.000312609950586455,0.0006807984631048645
Spurbeck 2023,SRR23083760,3.034660757170619e-06,0.0010674419213347651,9.862647460804512e-06,0.0010804024516518481
Spurbeck 2023,SRR23083762,1.5079783909989099e-05,0.00018872777592152297,0.001144746565463976,0.0013384131352424822
Spurbeck 2023,SRR23083764,1.351876573668824e-05,0.0017529332905239085,0.00018250333744529126,0.001942196010837544
Spurbeck 2023,SRR23083766,6.428779233034483e-06,0.0003049352298893073,0.00040961878426603297,0.0007161532129695279
Spurbeck 2023,SRR23083769,4.7657473051320475e-05,0.000363634979288034,0.0002495672405350214,0.000614753202673838
Spurbeck 2023,SRR23083771,8.835575951387632e-06,0.00043896306457388444,3.0973062950468734e-05,0.00047017886312741326
Spurbeck 2023,SRR23083773,1.8703742434615346e-05,0.0014322600139557832,5.192382228117096e-06,0.0014382898771884355
Spurbeck 2023,SRR23083775,9.731430709404684e-06,0.00031603414608713016,0.00034372520908137116,0.0006605109697354879
Spurbeck 2023,SRR23083778,2.739488354891585e-06,8.218465064674754e-06,2.183980994038569e-05,3.0134371903807433e-05
Spurbeck 2023,SRR23083780,6.805790840293241e-06,7.98940663860511e-06,2.633545151243906e-05,3.432485815104417e-05
Spurbeck 2023,SRR23083782,3.2214969836269058e-06,4.865117893640634e-06,1.6173229754535078e-05,2.123558215737736e-05
Spurbeck 2023,SRR23083784,2.290639238613507e-06,7.513296702652303e-06,1.7592109352551737e-05,2.510540605520404e-05
Spurbeck 2023,SRR23083786,6.549982975595096e-06,1.3877082575413339e-05,4.063209778081026e-05,5.45091803562236e-05
Spurbeck 2023,SRR23083787,1.7825375945454758e-07,3.081243556285751e-06,1.247776316181833e-06,4.456343986363689e-06
Spurbeck 2023,SRR23083789,1.992932698300427e-06,6.7940887442060015e-06,1.8208157834472084e-05,2.5183422278523576e-05
Spurbeck 2023,SRR23083790,5.333681800544302e-06,0.0001383167290006537,4.615686173547954e-05,0.00018478130314770309
Spurbeck 2023,SRR23083792,4.790596327682154e-08,2.0599564209033264e-06,1.3413669717510033e-06,3.4013233926543297e-06
Spurbeck 2023,SRR23083794,8.909948767794585e-07,0.0002446995929773404,3.2399813701071217e-07,0.00024591458599113053
Spurbeck 2023,SRR23083795,7.78872153470102e-07,6.441036687333054e-05,1.8645727310344867e-06,6.66525745878657e-05
Spurbeck 2023,SRR23083797,3.562862009048007e-07,2.5890130599082182e-05,1.9001930714922703e-06,2.7790323670574453e-05
Spurbeck 2023,SRR23083798,5.636802054301193e-07,2.2108790279648012e-05,3.256818964707356e-06,2.555350264616541e-05
Spurbeck 2023,SRR23083799,1.6397968193353033e-07,1.9677561832023642e-06,1.3118374554682427e-06,3.361583479637372e-06
Spurbeck 2023,SRR23083801,2.302640491579973e-07,2.379395174632639e-06,1.266452270368985e-06,3.7226021280542896e-06
Spurbeck 2023,SRR23083804,2.0948188322118198e-07,6.703420263077822e-06,2.5137825986541836e-06,9.321943803342597e-06
Spurbeck 2023,SRR23083806,1.2356736384506048e-07,1.6063757299857864e-06,1.6990512528695818e-06,3.4289943467004286e-06
Spurbeck 2023,SRR23083808,3.1817110160062335e-07,2.068112160404052e-06,1.7499410588034286e-06,4.136224320808104e-06
Spurbeck 2023,SRR23083810,2.9471592548645247e-06,5.677615623341952e-06,1.3218876069612941e-05,1.8939832270232315e-05
Spurbeck 2023,SRR23083813,3.7684311139459764e-07,3.0901135134357007e-06,1.7334783124151492e-06,4.898960448129769e-06
Spurbeck 2023,SRR23083818,2.8134286416943888e-06,6.666602650971486e-06,1.9510516015228476e-05,2.623828015841071e-05
Spurbeck 2023,SRR23083820,1.7210027736490584e-06,7.727639905208517e-06,1.4274199475559837e-05,2.2069329685617336e-05
Spurbeck 2023,SRR23083822,8.157046908600863e-06,1.087606254480115e-05,2.9479853739855748e-05,4.0355916284656896e-05
Spurbeck 2023,SRR23083823,2.8562824360623555e-06,1.428141218031178e-05,1.9898767637901078e-05,3.418017981821286e-05
Spurbeck 2023,SRR23083825,7.031305481394814e-08,4.4297224532787324e-06,1.1953219318371185e-06,5.695357439929799e-06
CC 2021,SRR23998353,2.6426877634564344e-05,0.000329884396742905,0.002396010727348956,0.002726287796865034
CC 2021,SRR23998354,2.354209800524221e-05,0.0003275422331164134,0.0033563354984386725,0.003685157193403197
CC 2021,SRR23998355,2.3019716867074085e-05,0.00019794558618510058,0.00372823497759654,0.00392660019403703
CC 2021,SRR23998356,1.873959956134946e-05,0.0005778303904810092,0.003364180466160522,0.003942886831245401
CC 2021,SRR23998357,1.5198458976300292e-05,0.0005000100617646134,0.0022611459245601593,0.0027616561887720942
CC 2021,SRR23998358,3.3366777214596953e-05,0.00776717275836844,0.001256314098764504,0.009025684322530092
CC 2021,SRR23998359,1.2205767053754458e-05,0.006004009371200932,0.00010862388423752824,0.006114382252546772
Rothman 2021,SRR14530724,2.0819088693700803e-05,0.0006903171514227108,0.03553562766995681,0.03622996254025024
Rothman 2021,SRR14530725,4.604221856578796e-06,0.000787168463413088,0.005915657715394323,0.006704207445364385
Rothman 2021,SRR14530726,1.2171403319110476e-05,0.000505269281375381,0.030714068144878398,0.031221209949841334
Rothman 2021,SRR14530727,3.953705700524765e-06,0.0006685356911796419,0.023429300553518797,0.024099633383653223
Rothman 2021,SRR14530728,1.22478367258383e-05,0.0005106181454034015,0.0204063540610473,0.02092309612481362
Rothman 2021,SRR14530729,2.60243238945713e-07,1.301216194728565e-06,0.0007036977181092079,0.0007065603937376108
Rothman 2021,SRR14530730,0.0,0.0005071140796230203,0.005030861320026322,0.005537975399649342
Rothman 2021,SRR14530731,2.9387528638146656e-07,4.9958798684849316e-06,0.001385621975288615,0.0013906178551570999
Rothman 2021,SRR14530732,0.0,3.961632382700026e-06,0.0015540163293204638,0.0015582420705286771
Rothman 2021,SRR14530733,0.0,6.739833609061654e-06,0.0010337867858822261,0.0010405266194912876
Rothman 2021,SRR14530734,2.787001980164907e-07,2.7591319603632578e-05,0.002872284240757953,0.002899875560361586
Rothman 2021,SRR14530736,0.0,1.1283130922814092e-05,0.0019440170866424987,0.0019555214554265446
Rothman 2021,SRR14530737,3.0141476555582767e-06,0.0008409471959007592,0.008755345402482904,0.009599306746039222
Rothman 2021,SRR14530738,4.1032281942656976e-07,0.0006347694016529034,0.005482733513177825,0.0061183235604695815
Rothman 2021,SRR14530739,8.13088777911305e-07,0.0005962651038016237,0.009570325945608697,0.01016659104941032
Rothman 2021,SRR14530740,6.091681017651864e-07,3.624550205502859e-05,0.0017391749305396072,0.0017754204325946359
Rothman 2021,SRR14530741,6.283725935293332e-07,2.419234485087933e-05,0.005341795417592862,0.005365987762443741
Rothman 2021,SRR14530742,0.0,1.934011526708699e-05,0.004004177464897691,0.004023517580164778
Rothman 2021,SRR14530743,1.7993660576326666e-06,0.0001984443709274884,0.024402231316732383,0.02460093273995382
Rothman 2021,SRR14530744,1.7229580018649298e-06,0.0008056551616720412,0.02027508058274575,0.02108211411081928
Rothman 2021,SRR14530745,2.883824828405213e-06,0.00106211268430164,0.01095853434793981,0.012024972769484058
Rothman 2021,SRR14530747,2.43956228397676e-07,2.3175841697779218e-05,0.004575155107370015,0.004598574905296192
Rothman 2021,SRR14530748,1.1152748037116346e-05,0.0011489754988672689,0.04972743653601465,0.050889504391273314
Rothman 2021,SRR14530749,3.0599649083224312e-06,5.1203412799262015e-05,0.010351045294212565,0.010402248707011829
Rothman 2021,SRR14530750,2.214895348409683e-07,1.1074476742048415e-06,0.000740439514973357,0.0007419899417172438
Rothman 2021,SRR14530751,0.0,0.0005768966925140628,0.004230024745396811,0.0048073937233734316
Rothman 2021,SRR14530752,0.0,0.0004469398308496983,0.01853431607007499,0.018982251312574687
Rothman 2021,SRR14530753,2.7547086234500633e-07,3.801497900361087e-05,0.0011294305356145259,0.0011674455146181368
Rothman 2021,SRR14530754,0.0,2.8273133549088758e-05,0.0018858180077242202,0.0019144052872016322
Rothman 2021,SRR14530755,2.463486207433422e-07,1.0346642071220372e-05,0.0014024626978918471,0.0014128093399630674
Rothman 2021,SRR14530756,9.511417505573691e-07,3.2814390394229233e-05,0.007883062828619475,0.007915877219013705
Rothman 2021,SRR14530758,0.0,2.6056286315949054e-06,0.00042211183831837465,0.00042471746694996954
Rothman 2021,SRR14530759,2.0693192994857533e-07,1.4485235096400274e-06,0.0002921878850873884,0.000293843340526977
Rothman 2021,SRR14530760,1.6842686779080372e-06,0.00013768896441898205,0.01420175349212057,0.014340705658047983
Rothman 2021,SRR14530761,2.0628708010264846e-06,0.0004079900028696825,0.013733447753900431,0.014142354588237236
Rothman 2021,SRR14530762,1.3408944883649468e-05,0.0009755007402854987,0.01946503896974607,0.020445568064362936
Rothman 2021,SRR14530763,2.252885241968323e-06,0.0004170653804193858,0.028148111434462723,0.0285657400361926
Rothman 2021,SRR14530764,4.438675399390625e-06,0.00017394059221362013,0.02801442236604147,0.028190304878742325
Rothman 2021,SRR14530765,2.0078835243977927e-06,0.00037920314560769744,0.018857181539633613,0.019237532047255253
Rothman 2021,SRR14530766,1.4285515308893913e-06,0.00013321243025543573,0.020302574357000027,0.020437572476669073
Rothman 2021,SRR14530767,3.616257246075457e-06,0.00013199338948175418,0.025098030706845697,0.025236051191737576
Rothman 2021,SRR14530769,6.642199649813746e-06,0.00018432104028233144,0.03127977870088538,0.0314655230696641
Rothman 2021,SRR14530770,3.4476861888449424e-06,0.0001861750541976269,0.00789772967566007,0.008084594267095466
Rothman 2021,SRR14530771,3.671122491590835e-06,0.00017437831835056468,0.011553022481036358,0.011728777470321269
Rothman 2021,SRR14530772,2.393797540003077e-06,0.0002633177294003385,0.007644048399104372,0.007908889454211985
Rothman 2021,SRR14530851,4.977515780432995e-06,2.449718550762121e-05,0.05354216126663137,0.05356880561580898
Rothman 2021,SRR14530852,4.8376381145681706e-05,1.1532147424627155e-05,0.05124749493416219,0.05126166579328567
Rothman 2021,SRR14530853,2.1514109835080285e-05,1.8017116717010697e-05,0.020800419152635995,0.02082041283068061
Rothman 2021,SRR14530854,1.6463811249903244e-05,2.41354301045702e-05,0.02526841615205045,0.02529487892720082
Rothman 2021,SRR14530855,8.332292162649504e-05,1.676994523778773e-05,0.08687735981006237,0.08689614917278952
Rothman 2021,SRR14530856,6.69764163069275e-05,5.773828991976509e-06,0.10468920189161297,0.10469728525220173
Rothman 2021,SRR14530857,8.490436598626948e-06,1.4263933485693274e-05,0.04043032702444838,0.040444817369576704
Rothman 2021,SRR14530858,1.1034225059410732e-05,9.10591388397973e-06,0.0759196464162926,0.0759297164857643
Rothman 2021,SRR14530859,1.2809151789613175e-05,4.851951435459536e-06,0.05969142365182707,0.05969753711063575
Rothman 2021,SRR14530860,2.6983657593084727e-06,2.4530597811895205e-07,0.008103069722214284,0.008103560334170522
Rothman 2021,SRR14530862,1.5127085148042193e-05,1.995290372287774e-05,0.08324796893360732,0.08326875707516046
Rothman 2021,SRR14530863,2.1260702291429048e-05,1.0185359702405545e-05,0.0929322107946222,0.09294328613721123
Rothman 2021,SRR14530864,1.5712531382098813e-05,8.05267233332564e-06,0.05187885049084475,0.0518879833997106
Rothman 2021,SRR14530865,1.1537453433556003e-05,8.184689187907249e-06,0.0639032920792128,0.06391285731838421
Rothman 2021,SRR14530866,1.414494806565291e-05,9.87093498106714e-06,0.06571946395734941,0.06573045427670979
Rothman 2021,SRR14530867,2.1339791363908377e-05,1.5852416441760508e-05,0.07422355423167555,0.07424072768282079
Rothman 2021,SRR14530868,1.2527416675253756e-05,5.934039477751779e-06,0.047355047899001516,0.047362112231713126
Rothman 2021,SRR14530869,5.708342381250169e-06,4.426877765051151e-06,0.019665938484106575,0.019670947845788083
Rothman 2021,SRR14530870,7.971818452570125e-06,1.9026073373467364e-05,0.09067528955238983,0.09069516595306491
Rothman 2021,SRR14530871,1.0357399654138868e-05,4.561056728428126e-06,0.0759139431219122,0.0759189792887165
Rothman 2021,SRR14530873,2.01418759457575e-05,1.6370631087828437e-05,0.06891264296982104,0.06893004212223376
Rothman 2021,SRR14530874,7.23829629531587e-07,2.0680846558045344e-06,0.006417163282728681,0.006419334771617275
Rothman 2021,SRR14530875,6.8360549946952214e-06,5.388419819347998e-06,0.04053040709431311,0.04053732357348421
Rothman 2021,SRR14530876,6.886849069783458e-07,2.9515067441929105e-07,0.0011896539850260225,0.0011899491357004418
Rothman 2021,SRR14530877,8.902264442299394e-07,2.0475208217288608e-06,0.004985980268843045,0.004988294857598043
Rothman 2021,SRR14530878,1.4150628566990215e-06,6.367782855145597e-06,0.007147089416171008,0.0071567590123584515
Rothman 2021,SRR14530879,1.0335861760742991e-07,8.268689408594393e-07,0.0018475352897328098,0.001848568875908884
Rothman 2021,SRR14530880,1.7025413658843585e-05,3.001463011408201e-05,0.08310155776664147,0.0831338473442703
Rothman 2021,SRR14530881,1.2476606363069245e-05,2.944789079482182e-06,0.09033620966898245,0.09034171177489413
Rothman 2021,SRR14530882,4.1115897631324436e-05,8.171024053582448e-06,0.09647328170752845,0.09648849372039417
Rothman 2021,SRR14530884,3.216150356044771e-05,8.35070618762502e-06,0.05904739206317287,0.05906104659626344
Rothman 2021,SRR14530885,4.356102427101545e-05,9.029924417024317e-06,0.06351264227043069,0.06352978240474078
Rothman 2021,SRR14530886,1.544883841287462e-05,7.908333949447722e-06,0.061502009636396876,0.061511389288290405
Rothman 2021,SRR14530887,4.2643103497918086e-05,7.303051189604081e-06,0.1061424620465886,0.10615530534350824
Rothman 2021,SRR14530888,2.9563424512656484e-05,8.58292969722285e-06,0.08900402730134571,0.08901694504402133
Rothman 2021,SRR14530889,3.711792191783414e-05,2.6978392028084323e-05,0.08309326638346598,0.08312386603616898
Rothman 2021,SRR14530890,2.7325975773692614e-05,7.502444241437927e-06,0.06456786500626394,0.0645791491703669
Rothman 2021,SRR14530891,3.479992690976545e-05,8.725951822150143e-06,0.10753873413655719,0.10755192694466927
Rothman 2021,SRR14530892,3.5579895366643706e-07,0.0002430106853541765,0.01064514889474613,0.010888515379053974
Rothman 2021,SRR14530893,3.394479218998221e-06,0.0002770417270274702,0.008124555453779204,0.00840290274973706
Rothman 2021,SRR14530895,1.8842528591966928e-06,0.0016936292782746274,0.014533242302984091,0.016230012002690714
Rothman 2021,SRR14530896,3.287396352502251e-06,0.0003925151244887688,0.018587596456318228,0.018980769060077497
Rothman 2021,SRR14530897,5.147286382789534e-06,0.00030208136958996074,0.033839869207453015,0.0341422722824419
Rothman 2021,SRR14530898,1.9926861774998495e-06,0.0002889394957374782,0.013123166936288178,0.01341277066075149
Rothman 2021,SRR14530899,2.7763330563169907e-06,0.000308172969251186,0.03283661650141315,0.03314509795211504
Rothman 2021,SRR14530900,4.995521406460816e-06,0.0001774496082208038,0.008896589231740935,0.009076645198956413
Rothman 2021,SRR14530901,1.192603852539781e-06,0.0007017281068344071,0.008911374506947753,0.009613102613782159
Rothman 2021,SRR14530902,3.992391642213268e-06,0.0005057029413470139,0.00585664842523914,0.006362731594361602
Rothman 2021,SRR14530903,5.180956788877522e-06,0.00035489554003811024,0.012298943797196628,0.012654271083633812
Rothman 2021,SRR21452135,8.286665594924583e-07,0.0002374129692945893,0.04136662031658377,0.04160403328587836
Rothman 2021,SRR21452136,6.521120231570569e-06,4.080358087754156e-05,0.028157948736293847,0.028199994435310734
Rothman 2021,SRR21452137,3.406730199913742e-07,0.0035221331854358197,1.7885333549547143e-06,0.0035250714902332453
